"","z.pct.mass.loss","z.soil.start.wt","z.weight.g","z.orgc.weight","z.totwt","z.org.c.start.mass","z.org.c.fraction.mass","z.org.c.bulk.wt","z.inorg.c.mass.frac","z.inorg.c.mass.bulk","site","species","depth","fraction.code","pct.mass.loss","soil.start.wt","weight.g","orgc.weight","totwt","org.c.start.mass","org.c.fraction.mass","org.c.bulk.wt","inorg.c.mass.frac","inorg.c.mass.bulk"
"1",-0.424395495677393,0.402898690439431,1.2735595404428,1.45070451337467,0.161380460854283,0.1182580247802,1.45070451337467,0.1182580247802,0.788692148821972,-0.632767198580182,"125J","acer","1","sc",12.52427184,10.588,7.397,0.353560895841172,0.509469441601347,0.466146203990697,0.353560895841172,0.466146203990697,0.0281147146140576,0.0606811096774
"2",-0.750601986075274,0.402898690439431,-0.205654228686105,-0.590515951918128,0.161380460854283,0.1182580247802,-0.590515951918128,0.1182580247802,0.0744885243058304,-0.632767198580182,"125J","acer","1","sa",6.158663883,10.588,2.965,0.0820838565605744,0.509469441601347,0.466146203990697,0.0820838565605744,0.466146203990697,0.0157805646638257,0.0606811096774
"3",1.01404478391203,0.402898690439431,-1.07208900861811,-0.652616163001077,0.161380460854283,0.1182580247802,-0.652616163001077,0.1182580247802,-0.839278255350012,-0.632767198580182,"125J","acer","1","pom",40.59405941,10.588,0.369,0.0738246891996,0.509469441601347,0.466146203990697,0.0738246891996,0.466146203990697,0,0.0606811096774
"4",-0.628290557155232,-1.5045912191183,1.30827033285918,0.358255169656568,-1.16489064376455,-0.965641645665254,0.358255169656565,-0.965641645665254,1.54609100678352,0.142211147986696,"125J","acer","2","sc",8.545454545,10.019,7.501,0.208267960345309,0.241854279707892,0.244371861557215,0.208267960345309,0.244371861557215,0.0411948373767514,0.07708637185245
"5",-0.899195412867787,-1.5045912191183,-0.437282016541578,-1.00968298044939,-1.16489064376455,-0.965641645665254,-1.00968298044939,-0.965641645665254,-0.250455018072378,0.142211147986696,"125J","acer","2","sa",3.259005146,10.019,2.271,0.0263357265547405,0.241854279707892,0.244371861557215,0.0263357265547405,0.244371861557215,0.0101688564065795,0.07708637185245
"6",1.8302610097211,-1.5045912191183,-1.18656787206829,-1.15318301894344,-1.16489064376455,-0.965641645665254,-1.15318301894344,-0.965641645665254,-0.838136429640449,0.142211147986696,"125J","acer","2","pom",56.52173913,10.019,0.026,0.00725059280784327,0.241854279707892,0.244371861557215,0.00725059280784327,0.244371861557215,1.97190955567189e-05,0.07708637185245
"7",-0.878646374209648,0.0676632054556467,0.00461307152851821,-0.786746857173211,0.147883049288511,0.355776392397475,-0.78674685717321,0.355776392397475,-0.438182230117067,-1.12986776430756,"126E","fagus","1","sa",3.66,10.488,3.595,0.055985654,0.50674593208,0.514744318032514,0.055985654,0.514744318032514,0.006926846,0.0501581510112
"8",-0.49328289842498,0.0676632054556467,0.919442706271821,1.12734169674139,0.147883049288511,0.355776392397475,1.12734169674139,0.355776392397475,0.659704356192478,-1.12986776430756,"126E","fagus","1","sc",11.18,10.488,6.336,0.31055447808,0.50674593208,0.514744318032514,0.31055447808,0.514744318032514,0.02588712192,0.0501581510112
"9",0.925182661378161,0.0676632054556467,-0.951268750399545,-0.153500354777626,0.147883049288511,0.355776392397475,-0.153500354777626,0.355776392397475,-0.839278255350012,-1.12986776430756,"126E","fagus","1","pom",38.86,10.488,0.731,0.1402058,0.50674593208,0.514744318032514,0.1402058,0.514744318032514,0,0.0501581510112
"10",-0.642918716149878,0.543697594132626,0.165150486454286,-0.0237317833770187,2.0069766163582,1.59262316374895,-0.0237317833770187,1.59262316374895,-0.492840098254095,-0.943026922524951,"126F","picea","1","sa",8.26,10.63,4.076,0.15746468416,0.881874082119448,0.767812832477875,0.15746468416,0.767812832477875,0.00598291584,0.0541133234467
"11",1.53909947519469,0.543697594132626,-0.804749155488085,1.0698858563384,2.0069766163582,1.59262316374895,1.0698858563384,1.59262316374895,-0.839278255350012,-0.943026922524951,"126F","picea","1","pom",50.84,10.63,1.17,0.302913,0.881874082119448,0.767812832477875,0.302913,0.767812832477875,0,0.0541133234467
"12",-0.200732255143875,0.543697594132626,0.746890017048075,1.96150770178147,2.0069766163582,1.59262316374895,1.96150770178147,1.59262316374895,0.732744027156899,-0.943026922524951,"126F","picea","1","sc",16.88884626,10.63,5.819,0.421496397959448,0.881874082119448,0.767812832477875,0.421496397959448,0.767812832477875,0.0271485020405519,0.0541133234467
"13",-0.910930814335225,1.98856253441274,-0.223009624894296,-0.968894437107231,-1.1239398987528,-1.25584828693429,-0.96889443710723,-1.25584828693429,-0.283156835162117,0.568346672598558,"126F","picea","2","sa",3.03,11.061,2.913,0.03176049726,0.250117326544855,0.184993315007035,0.03176049726,0.184993315007035,0.00960410274,0.08610709486275
"14",1.74408004742058,1.98856253441274,-1.1578647168009,-0.948111606090683,-1.1239398987528,-1.25584828693429,-0.948111606090683,-1.25584828693429,-0.802668671277654,0.568346672598558,"126F","picea","2","pom",54.84,11.061,0.112,0.03452456,0.250117326544855,0.184993315007035,0.03452456,0.184993315007035,0.00063224,0.08610709486275
"15",-0.684963832560855,1.98856253441274,1.1480666755528,0.174524594104591,-1.1239398987528,-1.25584828693429,0.174524594104588,-1.25584828693429,2.70451782754169,0.568346672598558,"126F","picea","2","sc",7.439529729,11.061,7.021,0.183832269284855,0.250117326544855,0.184993315007035,0.183832269284855,0.184993315007035,0.0612006307151452,0.08610709486275
"16",1.52973053835702,-0.502237119016788,-1.09878961816917,-0.617903718139851,0.745013062117081,0.985344720185612,-0.61790371813985,0.985344720185612,-0.73256908461232,-0.196748829176032,"126Y","fraxinus","1","pom",50.65717415,10.318,0.289,0.078441354531615,0.627234906391542,0.643558917500728,0.078441354531615,0.643558917500728,0.00184284546838484,0.06991103938434
"17",-0.445094843821908,-0.502237119016788,0.0152933153489434,0.34042482223847,0.745013062117081,0.985344720185612,0.340424822238471,0.985344720185612,0.217597640538064,-0.196748829176032,"126Y","fraxinus","1","sa",12.12034384,10.318,3.627,0.205896570282984,0.627234906391542,0.643558917500728,0.205896570282984,0.643558917500728,0.0182520297170161,0.06991103938434
"18",-0.403480624297372,-0.502237119016788,0.850354879058445,1.37052314667804,0.745013062117081,0.985344720185612,1.37052314667804,0.985344720185612,0.883163672072535,-0.196748829176032,"126Y","fraxinus","1","sc",12.93240557,10.318,6.129,0.342896981576943,0.627234906391542,0.643558917500728,0.342896981576943,0.643558917500728,0.029746218423057,0.06991103938434
"19",-0.210013184085313,-0.00273624639094493,-1.02302663856803,-0.95318659205968,-0.76039247923844,-0.628435036114179,-0.95318659205968,-0.628435036114179,-0.839278255350012,0.672462293152713,"126Y","fraxinus","2","pom",16.7077378,10.467,0.516,0.0338496,0.323473973757074,0.313366968887287,0.0338496,0.313366968887287,0,0.08831108425068
"20",-0.859137750676158,-0.00273624639094493,-0.330479578337325,-0.899392415680083,-0.76039247923844,-0.628435036114179,-0.899392415680083,-0.628435036114179,-0.0179474852227385,0.672462293152713,"126Y","fraxinus","2","sa",4.040692147,10.467,2.591,0.0410040862411403,0.323473973757074,0.313366968887287,0.0410040862411403,0.313366968887287,0.0141842137588596,0.08831108425068
"21",-0.605462006728555,-0.00273624639094493,1.4644688987329,0.661662029629477,-0.76039247923844,-0.628435036114179,0.661662029629481,-0.628435036114179,1.83780698851086,0.672462293152713,"126Y","fraxinus","2","sc",8.990931893,10.467,7.969,0.248620287515933,0.323473973757074,0.313366968887287,0.248620287515933,0.313366968887287,0.0462327124840667,0.08831108425068
"22",-0.482008966952556,1.24098740289889,1.10300939693538,1.22510401648035,0.56876922683069,1.04230584558592,1.22510401648035,1.04230584558592,0.361858573000313,-1.5195886057257,"127E","quercus","1","sc",11.4,10.838,6.886,0.3235566136,0.5916724016,0.655213608865966,0.3235566136,0.655213608865966,0.0207433864,0.04190827847364
"23",-0.786917568138563,1.24098740289889,-0.335485942628149,-0.602268960767212,0.56876922683069,1.04230584558592,-0.602268960767212,1.04230584558592,-0.430283051083289,-1.5195886057257,"127E","quercus","1","sa",5.45,10.838,2.576,0.0805207368,0.5916724016,0.655213608865966,0.0805207368,0.655213608865966,0.0070632632,0.04190827847364
"24",1.35820412020535,1.24098740289889,-0.936249657527071,0.202816737970536,0.56876922683069,1.04230584558592,0.202816737970537,1.04230584558592,-0.791926864353445,-1.5195886057257,"127E","quercus","1","pom",47.31,10.838,0.776,0.1875950512,0.5916724016,0.655213608865966,0.1875950512,0.655213608865966,0.0008177488,0.04190827847364
"25",-0.86583508844553,1.88128717921793,-0.227014716326955,-0.810981872506493,-0.816504673852066,-0.732147754087143,-0.810981872506493,-0.732147754087143,-0.0644954294266243,1.72599918986716,"127E","quercus","2","sa",3.91,11.029,2.901,0.05276245968,0.31215164758,0.292146536353167,0.05276245968,0.292146536353167,0.01338034032,0.11061306091655
"26",-0.642406264719313,1.88128717921793,1.05828587593735,0.257620323456699,-0.816504673852066,-0.732147754087143,0.2576203234567,-0.732147754087143,1.16909615884453,1.72599918986716,"127E","quercus","2","sc",8.27,11.029,6.752,0.19488378624,0.31215164758,0.292146536353167,0.19488378624,0.292146536353167,0.03468421376,0.11061306091655
"27",1.30490917142662,1.88128717921793,-1.1064660434151,-0.722687357597088,-0.816504673852066,-0.732147754087143,-0.722687357597088,-0.732147754087143,-0.828519682737184,1.72599918986716,"127E","quercus","2","pom",46.27,11.029,0.266,0.06450540166,0.31215164758,0.292146536353167,0.06450540166,0.292146536353167,0.00018579834,0.11061306091655
"28",-0.71927397930402,1.24098740289889,-0.129223733846186,-0.456265233757699,1.01487680672861,0.584546975225602,-0.456265233757699,0.584546975225602,-0.356484712184705,-0.659420510208619,"127F","populus","1","sa",6.77,10.838,3.194,0.09993885464,0.68168804908,0.561552566949114,0.09993885464,0.561552566949114,0.00833774536,0.06011689447444
"29",-0.456898846854885,1.24098740289889,1.02224005304341,1.44146789483933,1.01487680672861,0.584546975225602,1.44146789483933,0.584546975225602,0.957289168129033,-0.659420510208619,"127F","populus","1","sc",11.89,10.838,6.644,0.35233244948,0.68168804908,0.561552566949114,0.35233244948,0.561552566949114,0.03102635052,0.06011689447444
"30",1.28389866277346,1.24098740289889,-0.864158011739201,0.517271682014201,1.01487680672861,0.584546975225602,0.517271682014201,0.584546975225602,-0.814399265869764,-0.659420510208619,"127F","populus","1","pom",45.86,10.838,0.992,0.22941674496,0.68168804908,0.561552566949114,0.22941674496,0.561552566949114,0.00042965504,0.06011689447444
"31",-0.895557271418284,1.88128717921793,-0.180956164851371,-0.932359915001991,-1.0227467472356,-0.868029111843897,-0.93235991500199,-0.868029111843897,-0.0737737371906927,1.10242964081889,"127F","populus","2","sa",3.33,11.029,3.039,0.03661949415,0.27053609427,0.264344148745568,0.03661949415,0.264344148745568,0.01322010585,0.09741292186514
"32",-0.729523007915315,1.88128717921793,1.37235179578173,0.215500486429736,-1.0227467472356,-0.868029111843897,0.215500486429736,-0.868029111843897,2.98969854092356,1.10242964081889,"127F","populus","2","sc",6.57,11.029,7.693,0.18928195692,0.27053609427,0.264344148745568,0.18928195692,0.264344148745568,0.06612564308,0.09741292186514
"33",0.168804349864637,1.88128717921793,-1.07108773575994,-0.872094463763141,-1.0227467472356,-0.868029111843897,-0.872094463763141,-0.868029111843897,-0.813119473004923,1.10242964081889,"127F","populus","2","pom",24.1,11.029,0.372,0.0446346432,0.27053609427,0.264344148745568,0.0446346432,0.264344148745568,0.0004517568,0.09741292186514
"34",-0.309225208732328,0.248690367346892,1.25053026470501,1.96499222860796,1.51109502392046,2.14326158155185,1.96499222860796,2.14326158155185,-0.621481513816192,-1.63416196511537,"130E","picea","1","sc",14.77170994,10.542,7.328,0.421959831009544,0.781815027693806,0.880477755585256,0.421959831009544,0.880477755585256,0.00376130500677587,0.03948291264582
"35",-0.4064437091728,0.248690367346892,-0.293766240204613,0.196655930809026,1.51109502392046,2.14326158155185,0.196655930809029,2.14326158155185,-0.683048071107618,-1.63416196511537,"130E","picea","1","sa",12.8745838,10.542,2.701,0.186775679791461,0.781815027693806,0.880477755585256,0.186775679791461,0.880477755585256,0.00269806320361862,0.03948291264582
"36",1.42487974516966,0.248690367346892,-0.962950267078135,0.0936752585620642,1.51109502392046,2.14326158155185,0.0936752585620644,2.14326158155185,-0.839278255350012,-1.63416196511537,"130E","picea","1","pom",48.61111111,10.542,0.696,0.1730795168928,0.781815027693806,0.880477755585256,0.1730795168928,0.880477755585256,0,0.03948291264582
"37",-0.536603201999238,-0.451951796269218,1.43543198584612,0.626138501497284,-0.769585366090502,-0.815962121481374,0.626138501497287,-0.815962121481374,0.0843295138043648,1.04413862701492,"130E","picea","2","sc",10.33464567,10.333,7.882,0.243895750207933,0.321619031811483,0.274997461838092,0.243895750207933,0.274997461838092,0.0159505165318463,0.09617897853222
"38",-0.826642969685145,-0.451951796269218,-0.439284562257908,-1.12015779037967,-0.769585366090502,-0.815962121481374,-1.12015779037967,-0.815962121481374,-0.839278255350012,1.04413862701492,"130E","picea","2","sa",4.674796748,10.333,2.265,0.01164286273875,0.321619031811483,0.274997461838092,0.01164286273875,0.274997461838092,0,0.09617897853222
"39",0.949054837181474,-0.451951796269218,-1.07576034243138,-0.71084489253947,-0.769585366090502,-0.815962121481374,-0.71084489253947,-0.815962121481374,-0.839278255350012,1.04413862701492,"130E","picea","2","pom",39.3258427,10.333,0.358,0.0660804188648,0.321619031811483,0.274997461838092,0.0660804188648,0.274997461838092,0,0.09617897853222
"40",-0.401819331064938,-0.13347808553462,1.22516468563149,1.27656127358578,0.0977587453568519,0.0797894101879219,1.27656127358577,0.0797894101879219,-0.447355369887103,-0.0885482095472752,"130P","populus","1","sc",12.96482412,10.428,7.252,0.330400295625537,0.496631843290195,0.45827522484184,0.330400295625537,0.45827522484184,0.00676842775966313,0.07220150277648
"41",-0.766098944566308,-0.13347808553462,-0.273740783041316,-0.655717208200524,0.0977587453568519,0.0797894101879219,-0.655717208200524,0.0797894101879219,-0.365825021169084,-0.0885482095472752,"130P","populus","1","sa",5.856255546,10.428,2.761,0.0734122582134643,0.496631843290195,0.45827522484184,0.0734122582134643,0.45827522484184,0.00817644014165576,0.07220150277648
"42",1.09643546684997,-0.13347808553462,-1.05039476335787,-0.509796840724855,0.0977587453568519,0.0797894101879219,-0.509796840724855,0.0797894101879219,-0.811356681218365,-0.0885482095472752,"130P","populus","1","pom",42.20183486,10.428,0.434,0.0928192894511944,0.496631843290195,0.45827522484184,0.0928192894511944,0.45827522484184,0.000482199852205405,0.07220150277648
"43",-0.607913700537918,-0.348028795924243,1.19412522702838,0.18196068347663,-1.01566317714549,-1.10109678346324,0.181960683476631,-1.10109678346324,0.568975641399774,1.06391893036764,"130P","populus","2","sc",8.943089431,10.364,7.159,0.184821249927011,0.27196541799563,0.216656681883769,0.184821249927011,0.216656681883769,0.0243202556445688,0.09659770127956
"44",-0.876578068427049,-0.348028795924243,-0.173947254844217,-0.906005253734269,-1.01566317714549,-1.10109678346324,-0.906005253734269,-1.10109678346324,-0.368662326794189,1.06391893036764,"130P","populus","2","sa",3.700361011,10.364,3.06,0.0401245958937148,0.27196541799563,0.216656681883769,0.0401245958937148,0.216656681883769,0.00812744045608514,0.09659770127956
"45",0.797256149525386,-0.348028795924243,-1.11013737722837,-0.854162318029032,-1.01566317714549,-1.10109678346324,-0.854162318029032,-1.10109678346324,-0.838910045697486,1.06391893036764,"130P","populus","2","pom",36.36363636,10.364,0.255,0.0470195721749041,0.27196541799563,0.216656681883769,0.0470195721749041,0.216656681883769,6.35890509581791e-06,0.09659770127956
"46",-0.386817231393121,-1.23305047628144,1.09366418359251,1.37102800474983,0.200297564655416,0.473037680564451,1.37102800474983,0.473037680564451,-0.470612058063212,-0.948814493449142,"130Q1","acer","1","sc",13.25757576,10.1,6.858,0.342964126393937,0.517322140041277,0.53873689390021,0.342964126393937,0.53873689390021,0.00636678953008365,0.053990808258
"47",-0.679556685097786,-1.23305047628144,-0.243035082057593,-0.672724848093787,0.200297564655416,0.473037680564451,-0.672724848093787,0.473037680564451,-0.174285065016819,-0.948814493449142,"130Q1","acer","1","sa",7.545045045,10.1,2.853,0.0711502861228056,0.517322140041277,0.53873689390021,0.0711502861228056,0.53873689390021,0.0114842958561145,0.053990808258
"48",1.64560163799253,-1.23305047628144,-1.0664151290885,-0.431686763887705,0.200297564655416,0.473037680564451,-0.431686763887707,0.473037680564451,-0.831678199301338,-0.948814493449142,"130Q1","acer","1","pom",52.91828794,10.1,0.386,0.103207727524535,0.517322140041277,0.53873689390021,0.103207727524535,0.53873689390021,0.000131251407465226,0.053990808258
"49",-0.615813759150079,-0.800596700652358,1.44978356347981,0.321919685374851,-1.09448536683807,-1.15593162242552,0.321919685374852,-1.15593162242552,0.576057809515315,2.00600805385344,"130Q1","acer","2","sc",8.788927336,10.229,7.925,0.203435434970735,0.256060665956689,0.20543704533908,0.203435434970735,0.20543704533908,0.0244425632337652,0.11654047662485
"50",-0.900896684691105,-0.800596700652358,-0.417924074617057,-1.02076826802609,-1.09448536683807,-1.15593162242552,-1.02076826802609,-1.15593162242552,-0.143058812579134,2.00600805385344,"130Q1","acer","2","sa",3.225806452,10.229,2.329,0.024861411995354,0.256060665956689,0.20543704533908,0.024861411995354,0.20543704533908,0.0120235668241261,0.11654047662485
"51",0.486679524971766,-0.800596700652358,-1.11814756009369,-0.998945234398629,-1.09448536683807,-1.15593162242552,-0.998945234398629,-1.15593162242552,-0.839278255350012,2.00600805385344,"130Q1","acer","2","pom",30.3030303,10.229,0.231,0.0277638189906,0.256060665956689,0.20543704533908,0.0277638189906,0.20543704533908,0,0.11654047662485
"52",-0.176530975345082,-0.180411053432354,1.32562572906737,2.62489332066137,1.6053962185765,0.8487564170002,2.62489332066136,0.8487564170002,-0.561481830194317,-1.42745032635959,"130T2","fraxinus","1","sc",17.36111111,10.414,7.553,0.509724968452939,0.800843135436435,0.615611883334179,0.509724968452939,0.615611883334179,0.00479748722338117,0.0438587234584
"53",-0.623229203769531,-0.180411053432354,-0.316128000703629,-0.457384063405389,1.6053962185765,0.8487564170002,-0.457384063405389,0.8487564170002,-0.584709908253135,-1.42745032635959,"130T2","fraxinus","1","sa",8.64422202,10.414,2.634,0.0997900531923472,0.800843135436435,0.615611883334179,0.0997900531923472,0.615611883334179,0.00439634308465289,0.0438587234584
"54",1.4231665903151,-0.180411053432354,-0.938919718482178,0.230885423924476,1.6053962185765,0.8487564170002,0.230885423924478,0.8487564170002,-0.828427863507097,-1.42745032635959,"130T2","fraxinus","1","pom",48.57768053,10.414,0.768,0.191328113791149,0.800843135436435,0.615611883334179,0.191328113791149,0.615611883334179,0.000187384039250649,0.0438587234584
"55",-0.537809233893209,0.231928593097706,1.64436425558319,0.884339201897102,-0.609119923761937,-0.809967532506012,0.884339201897102,-0.809967532506012,0.878274747008503,1.06602376334396,"130T2","fraxinus","2","sc",10.31111111,10.537,8.508,0.278235775147211,0.353997770349563,0.276224001585653,0.278235775147211,0.276224001585653,0.0296617876910286,0.09664225779777
"56",-0.860218218850884,0.231928593097706,-0.358515218365941,-0.976457967995859,-0.609119923761937,-0.809967532506012,-0.976457967995859,-0.809967532506012,-0.537461928069965,1.06602376334396,"130T2","fraxinus","2","sa",4.019607843,10.537,2.507,0.0307545672259516,0.353997770349563,0.276224001585653,0.0307545672259516,0.276224001585653,0.00521230600113851,0.09664225779777
"57",2.08171233288871,0.231928593097706,-1.14651695774169,-0.869291516166707,-0.609119923761937,-0.809967532506012,-0.869291516166707,-0.809967532506012,-0.833847869432046,1.06602376334396,"130T2","fraxinus","2","pom",61.42857143,10.537,0.146,0.0450074279764006,0.353997770349563,0.276224001585653,0.0450074279764006,0.276224001585653,9.37816497993837e-05,0.09664225779777
"58",-0.543724796411904,1.37843395174225,1.72479984185577,0.728938650268169,-0.701712729591053,-0.218446138395498,0.728938650268171,-0.218446138395498,0.976222595907612,1.70820216272803,"131M","quercus","1","sc",10.19567456,10.879,8.749,0.257567903951464,0.335314381534235,0.397253901115268,0.257567903951464,0.397253901115268,0.0313533269301955,0.11023632149222
"59",-0.890118965268392,1.37843395174225,-0.374869341715968,-1.0049729837016,-0.701712729591053,-0.218446138395498,-1.0049729837016,-0.218446138395498,-0.24822861539706,1.70820216272803,"131M","quercus","1","sa",3.436123348,10.879,2.458,0.0269621439328979,0.335314381534235,0.397253901115268,0.0269621439328979,0.397253901115268,0.0102073059236421,0.11023632149222
"60",1.83768784224122,1.37843395174225,-1.13450168344372,-0.825855289965012,-0.701712729591053,-0.218446138395498,-0.825855289965012,-0.218446138395498,-0.835235032216903,1.70820216272803,"131M","quercus","1","pom",56.66666667,10.879,0.182,0.0507843336498733,0.335314381534235,0.397253901115268,0.0507843336498733,0.397253901115268,6.98256333266288e-05,0.11023632149222
"61",-0.591711532471918,-0.0429645045890007,1.7751972423834,0.317578887197327,-1.19967738238709,-1.11631764031721,0.317578887197326,-1.11631764031721,0.931371907303409,1.27722613235441,"131M","quercus","2","sc",9.259259259,10.455,8.9,0.20285812004695,0.234835006909295,0.213542375631904,0.20285812004695,0.213542375631904,0.0305787647470503,0.1011131314047
"62",-0.933591397634094,-0.0429645045890007,-0.524058997582533,-1.10040908678634,-1.19967738238709,-1.11631764031721,-1.10040908678634,-1.11631764031721,-0.242158051414868,1.27722613235441,"131M","quercus","2","sa",2.58780037,10.455,2.011,0.0142693892077451,0.234835006909295,0.213542375631904,0.0142693892077451,0.213542375631904,0.0103121433171649,0.1011131314047
"63",4.05831070785085,-0.0429645045890007,-1.17588762824786,-1.07455814431911,-1.19967738238709,-1.11631764031721,-1.07455814431911,-1.11631764031721,-0.839278255350012,1.27722613235441,"131M","quercus","2","pom",100,10.455,0.058,0.0177074976546,0.234835006909295,0.213542375631904,0.0177074976546,0.213542375631904,0,0.1011131314047
"64",0.854435360234163,-0.348028795924243,-0.996326029016964,-0.386222694391408,-0.0587170783713054,0.0934281197734564,-0.386222694391407,0.0934281197734564,-0.708572075310719,-0.666805931916106,"131N1","fagus","1","pom",37.47943402,10.364,0.596,0.109254331108206,0.465058130529969,0.461065811399293,0.109254331108206,0.461065811399293,0.00225726889179378,0.05996055490712
"65",-0.873933909390522,-0.348028795924243,-0.112202095257383,-0.851488451432127,-0.0587170783713054,0.0934281197734564,-0.851488451432127,0.0934281197734564,0.137908260583953,-0.666805931916106,"131N1","fagus","1","sa",3.751959248,10.364,3.245,0.0473751895124243,0.465058130529969,0.461065811399293,0.0473751895124243,0.461065811399293,0.0168758104875758,0.05996055490712
"66",-0.492064940248865,-0.348028795924243,1.00354962635767,1.11135741450535,-0.0587170783713054,0.0934281197734564,1.11135741450534,0.0934281197734564,0.852013946259561,-0.666805931916106,"131N1","fagus","1","sc",11.20376729,10.364,6.588,0.308428609909339,0.465058130529969,0.461065811399293,0.308428609909339,0.461065811399293,0.0292082690541412,0.05996055490712
"67",0.818018932495136,-0.55922715146403,-1.15719720156212,-1.04605293873008,-1.37819705300632,-1.28411411772446,-1.04605293873008,-1.28411411772446,-0.796267681887067,1.08185668436037,"131N1","fagus","2","pom",36.76880223,10.301,0.114,0.0214986162275194,0.198813283758158,0.179209905151168,0.0214986162275194,0.179209905151168,0.000742783772480625,0.09697741970445
"68",-0.927440949466284,-0.55922715146403,0.0176296186846614,-0.954404718373936,-1.37819705300632,-1.28411411772446,-0.954404718373936,-1.28411411772446,0.513731904268334,1.08185668436037,"131N1","fagus","2","sa",2.707820489,10.301,3.634,0.03368759235267,0.198813283758158,0.179209905151168,0.03368759235267,0.179209905151168,0.02336620764733,0.09697741970445
"69",-0.788670130713115,-0.55922715146403,1.02190629542403,-0.127775980704692,-1.37819705300632,-1.28411411772446,-0.12777598070469,-1.28411411772446,2.5377233781793,1.08185668436037,"131N1","fagus","2","sc",5.415800416,10.301,6.643,0.143627075177968,0.198813283758158,0.179209905151168,0.143627075177968,0.179209905151168,0.0583201248220314,0.09697741970445
"70",-0.193608282444119,0.0341396569572689,0.998877019686234,2.18967325034342,1.02169540487429,0.876614839491391,2.18967325034342,0.876614839491391,-0.0248358004694751,0.43435025039376,"131N2","picea","1","sc",17.02786378,10.478,6.574,0.451841825434156,0.683063906731039,0.621311934268487,0.451841825434156,0.621311934268487,0.0140652539689043,0.08327056859524
"71",-0.919024335763748,0.0341396569572689,-0.127888703368633,-1.01072499554764,1.02169540487429,0.876614839491391,-1.01072499554764,0.876614839491391,-0.580459352642792,0.43435025039376,"131N2","picea","1","sa",2.872062663,10.478,3.198,0.0261971412433696,0.683063906731039,0.621311934268487,0.0261971412433696,0.621311934268487,0.00446974930729041,0.08327056859524
"72",1.86407423031348,0.0341396569572689,-0.961615236600582,0.333871083965514,1.02169540487429,0.876614839491391,0.333871083965514,0.876614839491391,-0.803786475737938,0.43435025039376,"131N2","picea","1","pom",57.18157182,10.478,0.7,0.205024940053514,0.683063906731039,0.621311934268487,0.205024940053514,0.621311934268487,0.000612935746486132,0.08327056859524
"73",-0.575458213092719,0.781714788471113,1.18210995273041,0.412483347606284,-0.883365207407843,-0.917822011545774,0.412483347606285,-0.917822011545774,1.36021498245982,0.995592551004412,"131N2","picea","2","sc",9.576427256,10.701,7.123,0.215480167672095,0.298660520125365,0.25415613237252,0.215480167672095,0.25415613237252,0.037984796602015,0.09515132258796
"74",-0.914140858779169,0.781714788471113,-0.0704823928338471,-0.980030187411595,-0.883365207407843,-0.917822011545774,-0.980030187411595,-0.917822011545774,0.0331723492869787,0.995592551004412,"131N2","picea","2","sa",2.96735905,10.701,3.37,0.0302794712884309,0.298660520125365,0.25415613237252,0.0302794712884309,0.25415613237252,0.0150670428045691,0.09515132258796
"75",1.97647677118168,0.781714788471113,-1.12949531915289,-0.809941089210649,-0.883365207407843,-0.917822011545774,-0.809941089210648,-0.917822011545774,-0.823417445059835,0.995592551004412,"131N2","picea","2","pom",59.375,10.701,0.197,0.0529008811648385,0.298660520125365,0.25415613237252,0.0529008811648385,0.25415613237252,0.000273912937061562,0.09515132258796
"76",-0.750021065137904,-1.19617457293322,-0.246372658251476,-0.658409556329562,0.223626138991361,-0.787180927453668,-0.658409556329562,-0.787180927453668,-0.0978440135238366,-0.110962354022932,"131V1","fraxinus","1","sa",6.17,10.111,2.843,0.07305418288,0.522029382908829,0.280886319039536,0.07305418288,0.280886319039536,0.01280441712,0.07172702511116
"77",0.932356981406067,-1.19617457293322,-0.994323483300634,-0.341857598849856,0.223626138991361,-0.787180927453668,-0.341857598849856,-0.787180927453668,-0.769107994328771,-0.110962354022932,"131V1","fraxinus","1","pom",39,10.111,0.602,0.115154774,0.522029382908829,0.280886319039536,0.115154774,0.280886319039536,0.001211826,0.07172702511116
"78",-0.423004251537581,-1.19617457293322,1.16942716319365,1.30227704016283,0.223626138991361,-0.787180927453668,1.30227704016283,-0.787180927453668,1.41034744700505,-0.110962354022932,"131V1","fraxinus","1","sc",12.55142064,10.111,7.085,0.333820426028829,0.522029382908829,0.280886319039536,0.333820426028829,0.280886319039536,0.0388505739711713,0.07172702511116
"79",-0.853023802681412,3.2959809258495,-0.114538398593101,-0.868074237566169,-1.11396863803292,-1.09165294766757,-0.868074237566169,-1.09165294766757,-0.192375536966655,1.01649674995027,"131V1","fraxinus","2","sa",4.16,11.451,3.238,0.04516932288,0.252129328874198,0.218588964484035,0.04516932288,0.218588964484035,0.01117187712,0.09559383671211
"80",1.29875975425984,3.2959809258495,-1.16186980823356,-1.00018303284958,-1.11396863803292,-1.09165294766757,-1.00018303284958,-1.09165294766757,-0.810279358172742,1.01649674995027,"131V1","fraxinus","2","pom",46.15,11.451,0.1,0.027599195,0.252129328874198,0.218588964484035,0.027599195,0.218588964484035,0.000500805,0.09559383671211
"81",-0.676911076899859,3.2959809258495,1.62600758651683,0.14090395275393,-1.11396863803292,-1.09165294766757,0.140903952753928,-1.09165294766757,3.21419721037354,1.01649674995027,"131V1","fraxinus","2","sc",7.596671561,11.451,8.453,0.179360810994198,0.252129328874198,0.218588964484035,0.179360810994198,0.218588964484035,0.0700026890058023,0.09559383671211
"82",0.979826062039994,-1.06878508863939,-0.804749155488085,0.532457351386432,0.852501220321771,1.08884382024259,0.532457351386429,1.08884382024259,-0.772132100147159,-0.979205528399964,"132Q","fagus","1","pom",39.92631375,10.149,1.17,0.231436399686554,0.648923881412863,0.664735642139975,0.231436399686554,0.664735642139975,0.00115960031344648,0.05334747041721
"83",-0.674524129637657,-1.06878508863939,-0.301108907831156,-0.506751968587552,0.852501220321771,1.08884382024259,-0.506751968587552,1.08884382024259,-0.451175758394936,-0.979205528399964,"132Q","fagus","1","sa",7.643250556,10.149,2.679,0.0932242495654389,0.648923881412863,0.664735642139975,0.0932242495654389,0.664735642139975,0.0067024504345611,0.05334747041721
"84",-0.453005751287079,-1.06878508863939,1.04026296449038,1.23041704137345,0.852501220321771,1.08884382024259,1.23041704137345,1.08884382024259,0.435975345281234,-0.979205528399964,"132Q","fagus","1","sc",11.96597004,10.149,6.698,0.32426323216087,0.648923881412863,0.664735642139975,0.32426323216087,0.664735642139975,0.02202336783913,0.05334747041721
"85",0.624357822538827,-0.92128147524652,-1.11814756009369,-0.993805110730091,-1.40416658957466,-1.17406578372372,-0.993805110730091,-1.17406578372372,-0.806495128819015,0.266135865413515,"132Q","fagus","2","pom",32.98969072,10.193,0.231,0.0284474421360649,0.193573147176103,0.201726654232643,0.0284474421360649,0.201726654232643,0.00056615786393507,0.07970969350829
"86",-0.922973261736276,-0.92128147524652,-0.370196735044532,-1.02084212272658,-1.40416658957466,-1.17406578372372,-1.02084212272658,-1.17406578372372,-0.0309993642084549,0.266135865413515,"132Q","fagus","2","sa",2.795003146,10.193,2.472,0.0248515895113228,0.193573147176103,0.201726654232643,0.0248515895113228,0.201726654232643,0.0139588104886771,0.07970969350829
"87",-0.786918309604538,-0.92128147524652,1.35199258099904,-0.152986694190779,-1.40416658957466,-1.17406578372372,-0.152986694190782,-1.17406578372372,2.70509998594769,0.266135865413515,"132Q","fagus","2","sc",5.449985531,10.193,7.632,0.140274115528716,0.193573147176103,0.201726654232643,0.140274115528716,0.201726654232643,0.061210684471284,0.07970969350829
"88",-0.560414035828958,-0.579341280563058,-0.146912887673766,-0.114294077601682,1.53419751618121,1.67488436812673,-0.114294077601682,1.67488436812673,-0.511424525346242,-1.22982185965242,"133U1","picea","1","sa",9.87,10.295,3.141,0.1454201334,0.786476651689815,0.784644117702983,0.1454201334,0.784644117702983,0.0056619666,0.0480422555841
"89",1.7292189559342,-0.579341280563058,-0.984644512338374,0.0958602947424635,1.53419751618121,1.67488436812673,0.0958602947424637,1.67488436812673,-0.837617613139567,-1.22982185965242,"133U1","picea","1","pom",54.55,10.295,0.631,0.17337012105,0.786476651689815,0.784644117702983,0.17337012105,0.784644117702983,2.867895e-05,0.0480422555841
"90",-0.17797453565144,-0.579341280563058,1.04293302544549,2.30880768734486,1.53419751618121,1.67488436812673,2.30880768734486,1.67488436812673,0.659014182392449,-1.22982185965242,"133U1","picea","1","sc",17.33294141,10.295,6.706,0.467686397239815,0.786476651689815,0.784644117702983,0.467686397239815,0.784644117702983,0.0258752027601847,0.0480422555841
"91",-0.885820694237554,-0.44524708656954,-0.407243830796632,-0.989497984935971,-0.272102824640533,-0.574704280804598,-0.989497984935971,-0.574704280804598,-0.496337219160448,0.177346649330768,"133U1","picea","2","sa",3.52,10.335,2.361,0.02902027872,0.422001125944163,0.32436070128905,0.02902027872,0.32436070128905,0.00592252128,0.0778301437446
"92",0.877524678335642,-0.44524708656954,-0.891526136529041,0.13116106848007,-0.272102824640533,-0.574704280804598,0.13116106848007,-0.574704280804598,-0.832736926854922,0.177346649330768,"133U1","picea","2","pom",37.93,10.335,0.91,0.1780650326,0.422001125944163,0.32436070128905,0.1780650326,0.32436070128905,0.0001129674,0.0778301437446
"93",-0.613584962239856,-0.44524708656954,1.40839761867567,0.408240009038345,-0.272102824640533,-0.574704280804598,0.408240009038347,-0.574704280804598,2.25505994537216,0.177346649330768,"133U1","picea","2","sc",8.832420178,10.335,7.801,0.214915814624163,0.422001125944163,0.32436070128905,0.214915814624163,0.32436070128905,0.0534385853758369,0.0778301437446
"94",-0.371831909381141,0.0676632054556467,1.10367691217416,1.86652101470257,0.823109497756438,1.0723481291924,1.86652101470257,1.0723481291924,1.09161821626782,-0.380072314900731,"133U2","populus","1","sc",13.55,10.488,6.888,0.4088634144,0.64299321568,0.661360494849691,0.4088634144,0.661360494849691,0.0333461856,0.0660303247044
"95",-0.870447151320612,0.0676632054556467,-0.176283558179935,-0.338002557671627,0.823109497756438,1.0723481291924,-0.338002557671626,1.0723481291924,0.435943362322519,-0.380072314900731,"133U2","populus","1","sa",3.82,10.488,3.053,0.1156674845,0.64299321568,0.661360494849691,0.1156674845,0.661360494849691,0.0220228155,0.0660303247044
"96",1.22906635970304,0.0676632054556467,-1.01968906237414,-0.316988372228487,0.823109497756438,1.0723481291924,-0.316988372228487,1.0723481291924,-0.827507228314251,-0.380072314900731,"133U2","populus","1","pom",44.79,10.488,0.526,0.11846231678,0.64299321568,0.661360494849691,0.11846231678,0.661360494849691,0.00020328322,0.0660303247044
"97",-0.652655293330607,0.49005991653522,1.35733270290926,0.582395995242191,-0.624075591805351,-0.672329891550964,0.582395995242192,-0.672329891550964,2.33622504146565,2.79468139699956,"133U2","populus","2","sc",8.07,10.614,7.648,0.23807811008,0.35098001364,0.304385738459655,0.23807811008,0.304385738459655,0.05484028992,0.1332356436861
"98",-0.808952979652846,0.49005991653522,-0.224344655371849,-0.728443894421939,-0.624075591805351,-0.672329891550964,-0.728443894421939,-0.672329891550964,0.152650320767193,2.79468139699956,"133U2","populus","2","sa",5.02,10.614,2.909,0.06373979716,0.35098001364,0.304385738459655,0.06373979716,0.304385738459655,0.01713040284,0.1332356436861
"99",0.719689637721709,0.49005991653522,-1.11047113484776,-0.838052724674673,-0.624075591805351,-0.672329891550964,-0.838052724674672,-0.672329891550964,-0.785618462773592,2.79468139699956,"133U2","populus","2","pom",34.85,10.614,0.254,0.0491621064,0.35098001364,0.304385738459655,0.0491621064,0.304385738459655,0.0009266936,0.1332356436861
"100",-0.370608013430301,-0.0295550851896508,1.41473901344404,1.92111764849825,0.61093192896528,0.877496367931016,1.92111764849825,0.877496367931016,0.322865622030499,-0.487228221342108,"133V1","acer","1","sc",13.57388316,10.459,7.82,0.41612462540075,0.600179997308237,0.621492301875715,0.41612462540075,0.621492301875715,0.0200699861430501,0.06376197650272
"101",-0.680008316794011,-0.0295550851896508,-0.4623138379957,-0.703875534138356,0.61093192896528,0.877496367931016,-0.703875534138356,0.877496367931016,-0.458430956277581,-0.487228221342108,"133V1","acer","1","sa",7.536231884,10.459,2.196,0.0670073254957055,0.600179997308237,0.621492301875715,0.0670073254957055,0.621492301875715,0.00657715465681456,0.06376197650272
"102",1.63090919478441,-0.0295550851896508,-1.04905973288031,-0.327622190936382,0.61093192896528,0.877496367931016,-0.327622190936378,0.877496367931016,-0.822380437365425,-0.487228221342108,"133V1","acer","1","pom",52.63157895,10.459,0.438,0.117048046411781,0.600179997308237,0.621492301875715,0.117048046411781,0.621492301875715,0.000291821847018525,0.06376197650272
"103",-0.543927165019189,-1.34367818632609,1.48749817447069,0.77049989480151,-0.565778382408612,-0.563112143549285,0.770499894801512,-0.563112143549285,0.0788774302829608,0.29688329166159,"133V1","acer","2","sc",10.19172553,10.067,8.038,0.263095441915429,0.362743232393928,0.326732543155318,0.263095441915429,0.326732543155318,0.0158563601688906,0.08036057567944
"104",-0.760104906004213,-1.34367818632609,-0.562774881431575,-0.908771824643627,-0.565778382408612,-0.563112143549285,-0.908771824643627,-0.563112143549285,-0.695465633043401,0.29688329166159,"133V1","acer","2","sa",5.973223481,10.067,1.895,0.0397566491225537,0.362743232393928,0.326732543155318,0.0397566491225537,0.326732543155318,0.00248361445864619,0.08036057567944
"105",2.08734366729616,-1.34367818632609,-1.12949531915289,-0.757381719189448,-0.565778382408612,-0.563112143549285,-0.757381719189448,-0.563112143549285,-0.829246633368791,0.29688329166159,"133V1","acer","2","pom",61.53846154,10.067,0.197,0.0598911413559454,0.362743232393928,0.326732543155318,0.0598911413559454,0.326732543155318,0.000173244051854609,0.08036057567944
"106",-0.705950242109338,-0.629626603310627,-0.344163640732245,-0.607605649572881,0.757953165436631,1.06882097477471,-0.607605649572881,1.06882097477471,-0.64709131492534,-1.50565674628436,"134T","quercus","1","sa",7.03,10.28,2.55,0.079810971,0.62984596218,0.660638811493776,0.079810971,0.660638811493776,0.003319029,0.042203197432
"107",-0.444087561090767,-0.629626603310627,1.10801576122621,1.60200516675319,0.757953165436631,1.06882097477471,1.60200516675319,1.06882097477471,0.459747543424829,-1.50565674628436,"134T","quercus","1","sc",12.14,10.28,6.901,0.37368349118,0.62984596218,0.660638811493776,0.37368349118,0.660638811493776,0.02243390882,0.042203197432
"108",1.06149474190838,-0.629626603310627,-0.91322038178928,0.118277114019924,0.757953165436631,1.06882097477471,0.118277114019924,1.06882097477471,-0.839278255350012,-1.50565674628436,"134T","quercus","1","pom",41.52,10.28,0.845,0.1763515,0.62984596218,0.660638811493776,0.1763515,0.660638811493776,0,0.042203197432
"109",-0.861223025570447,1.51923285543544,-0.245705143012699,-0.856624261986358,-0.828695362622848,-0.670143440142903,-0.856624261986358,-0.670143440142903,-0.396461178209071,0.399461918935918,"134T","quercus","2","sa",4,10.921,2.845,0.04669214,0.30969180876,0.304833103503216,0.04669214,0.304833103503216,0.00764736,0.08253202896126
"110",-0.699288373511996,1.51923285543544,1.4017224662879,0.405862926211535,-0.828695362622848,-0.670143440142903,0.405862926211535,-0.670143440142903,2.54891670280342,0.399461918935918,"134T","quercus","2","sc",7.16,10.921,7.781,0.21459966876,0.30969180876,0.304833103503216,0.21459966876,0.304833103503216,0.05851343124,0.08253202896126
"111",0.692017260471214,1.51923285543544,-1.1034622248406,-0.84378295948397,-0.828695362622848,-0.670143440142903,-0.84378295948397,-0.670143440142903,-0.839278255350012,0.399461918935918,"134T","quercus","2","pom",34.31,10.921,0.275,0.0484,0.30969180876,0.304833103503216,0.0484,0.304833103503216,0,0.08253202896126
"112",-0.51070624706418,-0.629626603310627,1.20714177418453,1.18145704327164,0.19285505702261,0.430439513723027,1.18145704327164,0.430439513723027,0.684348480112553,-1.01670175927035,"134X","fagus","1","sc",10.84,10.28,7.198,0.31775167912,0.51582038985,0.530020976091834,0.31775167912,0.530020976091834,0.02631272088,0.0525537250168
"113",-0.740796939387739,-0.629626603310627,-0.297771331637273,-0.624958925209256,0.19285505702261,0.430439513723027,-0.624958925209256,0.430439513723027,-0.328914935067463,-1.01670175927035,"134X","fagus","1","sa",6.35,10.28,2.689,0.07750303025,0.51582038985,0.530020976091834,0.07750303025,0.530020976091834,0.00881386975,0.0525537250168
"114",1.406887006109,-0.629626603310627,-1.03604318572417,-0.30117329983131,0.19285505702261,0.430439513723027,-0.30117329983131,0.430439513723027,-0.804980249426409,-1.01670175927035,"134X","fagus","1","pom",48.26,10.28,0.477,0.12056568048,0.51582038985,0.530020976091834,0.12056568048,0.530020976091834,0.00059231952,0.0525537250168
"115",-0.703900436387079,1.51923285543544,1.44344216871144,0.209304087662431,-1.01035190179648,-0.806452631931581,0.209304087662431,-0.806452631931581,2.39397084440498,1.56127265384822,"134X","fagus","2","sc",7.07,10.921,7.906,0.18845785192,0.27303712785,0.276943177709485,0.18845785192,0.276943177709485,0.05583754808,0.10712601895912
"116",-0.865322637014965,1.51923285543544,-0.286089814958682,-0.871321461052596,-1.01035190179648,-0.806452631931581,-0.871321461052595,-0.806452631931581,0.0245507433335285,1.56127265384822,"134X","fagus","2","sa",3.92,10.921,2.724,0.04473745056,0.27303712785,0.276943177709485,0.04473745056,0.276943177709485,0.01491814944,0.10712601895912
"117",1.09582898775621,1.51923285543544,-1.13550295630188,-0.908131389268669,-1.01035190179648,-0.806452631931581,-0.908131389268669,-0.806452631931581,-0.757188418335217,1.56127265384822,"134X","fagus","2","pom",42.19,10.921,0.179,0.03984182537,0.27303712785,0.276943177709485,0.03984182537,0.276943177709485,0.00141767463,0.10712601895912
"118",1.42578429522516,-1.2732787344795,-1.09244822340079,-0.661439750696637,0.168842469011124,0.240289365056303,-0.661439750696637,0.240289365056303,-0.826445148009487,-0.964220661515819,"135J","acer","1","pom",48.62876254,10.088,0.308,0.0726511748712103,0.510975126610987,0.491114769794289,0.0726511748712103,0.491114769794289,0.000221625128789705,0.0536646801444
"119",-0.555815334407495,-1.2732787344795,-0.375203099335356,-0.366733599700288,0.168842469011124,0.240289365056303,-0.366733599700286,0.240289365056303,-0.0740711417147954,-0.964220661515819,"135J","acer","1","sa",9.959739264,10.088,2.457,0.111846330265066,0.510975126610987,0.491114769794289,0.111846330265066,0.491114769794289,0.0132149697349339,0.0536646801444
"120",-0.512955871435405,-1.2732787344795,1.26655063043564,1.24706690906582,0.168842469011124,0.240289365056303,1.24706690906582,0.240289365056303,0.757172602754984,-0.964220661515819,"135J","acer","1","sc",10.79610073,10.088,7.376,0.326477621474711,0.510975126610987,0.491114769794289,0.326477621474711,0.491114769794289,0.027570378525289,0.0536646801444
"121",-0.34053777088365,-0.374847634722949,-0.9325783237138,-0.956209959160152,-1.00386696345125,-0.868467350733513,-0.956209959160151,-0.868467350733513,-0.839278255350012,0.320059688709653,"135J","acer","2","pom",14.16067521,10.356,0.787,0.0334475,0.274345659581622,0.264254481644246,0.0334475,0.264254481644246,0,0.0808511892192
"122",-0.80331189119363,-0.374847634722949,-0.52472651282131,-0.954956027165722,-1.00386696345125,-0.868467350733513,-0.954956027165722,-0.868467350733513,-0.23806495279711,0.320059688709653,"135J","acer","2","sa",5.130080451,10.356,2.009,0.0336142697101293,0.274345659581622,0.264254481644246,0.0336142697101293,0.264254481644246,0.0103828302898707,0.0808511892192
"123",-0.736742561518546,-0.374847634722949,1.55324842549018,0.350855999561865,-1.00386696345125,-0.868467350733513,0.350855999561866,-0.868467350733513,2.22631176065281,0.320059688709653,"135J","acer","2","sc",6.42911731,10.356,8.235,0.207283889871493,0.274345659581622,0.264254481644246,0.207283889871493,0.264254481644246,0.0529421101285072,0.0808511892192
"124",-0.158074317079034,-0.337971731374729,-0.977301844711831,-0.892060481421221,0.717054884185817,1.75544512673661,-0.892060481421221,1.75544512673661,-0.816088316802058,-0.777043290935431,"156H","picea","1","pom",17.72127516,10.367,0.653,0.0419792145227933,0.621593501487775,0.801127478436276,0.0419792145227933,0.801127478436276,0.000400485477206735,0.05762697644753
"125",-0.711969404986435,-0.337971731374729,-0.373868068857803,-0.506085951590256,0.717054884185817,1.75544512673661,-0.506085951590256,1.75544512673661,-0.214634355309695,-0.777043290935431,"156H","picea","1","sa",6.912541788,10.367,2.461,0.0933128281024518,0.621593501487775,0.801127478436276,0.0933128281024518,0.801127478436276,0.0107874718975482,0.05762697644753
"126",-0.262679754670856,-0.337971731374729,1.1794398917753,2.44877328019081,0.717054884185817,1.75544512673661,2.44877328019081,1.75544512673661,0.953391647411283,-0.777043290935431,"156H","picea","1","sc",15.68,10.367,7.115,0.48630145886253,0.621593501487775,0.801127478436276,0.48630145886253,0.801127478436276,0.03095904113747,0.05762697644753
"127",0.37782710361567,-1.32021170237722,-1.07976543386404,-0.810990511626978,-0.836126566453144,-0.764223153433423,-0.810990511626978,-0.764223153433423,-0.798994666932648,0.412232335962943,"156H","picea","2","pom",28.17887931,10.074,0.346,0.0527613106993333,0.308192339451514,0.285583659001807,0.0527613106993333,0.285583659001807,0.000695689300666605,0.08280236172648
"128",-0.903388916842051,-1.32021170237722,-0.594481855273463,-1.05406982718935,-0.836126566453144,-0.764223153433423,-1.05406982718935,-0.764223153433423,-0.229681593120865,0.412232335962943,"156H","picea","2","sa",3.177172923,10.074,1.8,0.0204323908098492,0.308192339451514,0.285583659001807,0.0204323908098492,0.285583659001807,0.0105276091901508,0.08280236172648
"129",-0.643697106966326,-1.32021170237722,1.51920514831258,0.559241618848651,-0.836126566453144,-0.764223153433423,0.559241618848649,-0.764223153433423,2.45989600444389,0.412232335962943,"156H","picea","2","sc",8.244810447,10.074,8.133,0.234998637942332,0.308192339451514,0.285583659001807,0.234998637942332,0.285583659001807,0.0569760620576682,0.08280236172648
"130",-0.57476267588477,-0.146887504933976,-0.451967351794663,-0.515134213838535,1.62727281158466,1.06810777252889,-0.515134213838535,1.06810777252889,-0.279661447918529,-0.293496649680577,"157G","populus","1","sa",9.59,10.424,2.227,0.09210943264,0.805257397316353,0.660492884741142,0.09210943264,0.660492884741142,0.00966446736,0.06786301653664
"131",0.940043752864538,-0.146887504933976,-0.750680421147182,0.722235482606403,1.62727281158466,1.06810777252889,0.722235482606403,1.06810777252889,-0.839278255350012,-0.293496649680577,"157G","populus","1","pom",39.15,10.424,1.332,0.2566764,0.805257397316353,0.660492884741142,0.2566764,0.660492884741142,0,0.06786301653664
"132",-0.291837022460487,-0.146887504933976,1.24552390041418,2.224483997194,1.62727281158466,1.06810777252889,2.224483997194,1.06810777252889,0.804072801262641,-0.293496649680577,"157G","populus","1","sc",15.11102378,10.424,7.313,0.456471564676353,0.805257397316353,0.660492884741142,0.456471564676353,0.660492884741142,0.0283803353236474,0.06786301653664
"133",-0.829963488306,-1.04531860469052,-0.631862708644951,-1.00666246449267,0.0730263278631915,-0.444919017147301,-1.00666246449267,-0.444919017147301,-0.354446049845848,0.0975422699592947,"157G","populus","2","sa",4.61,10.156,1.688,0.02673744736,0.491641332761441,0.350915780407512,0.02673744736,0.350915780407512,0.00837295264,0.07614079103932
"134",1.0189612731715,-1.04531860469052,-0.890858621290264,0.195984641119297,0.0730263278631915,-0.444919017147301,0.195984641119297,-0.444919017147301,-0.839278255350012,0.0975422699592947,"157G","populus","2","pom",40.69,10.156,0.912,0.1866864,0.491641332761441,0.350915780407512,0.1866864,0.350915780407512,0,0.07614079103932
"135",-0.566198821613741,-1.04531860469052,1.58362036885452,0.884201682335707,0.0730263278631915,-0.444919017147301,0.884201682335706,-0.444919017147301,2.14235039588914,0.0975422699592947,"157G","populus","2","sc",9.757115433,10.156,8.326,0.278217485401441,0.491641332761441,0.350915780407512,0.278217485401441,0.350915780407512,0.051492114598559,0.07614079103932
"136",-0.202694667911617,-0.177058698582518,1.30293021094897,2.46082073252952,1.59409026442585,1.8411352843727,2.46082073252952,1.8411352843727,-0.56370276200457,-1.22422413871557,"157L","quercus","1","sc",16.85055165,10.415,7.485,0.487903738845215,0.798561818487096,0.818660354292723,0.487903738845215,0.818660354292723,0.00475913218703497,0.04816075190075
"137",-0.251152876659854,-0.177058698582518,-0.480002991823279,-0.0359248043428378,1.59409026442585,1.8411352843727,-0.0359248043428367,1.8411352843727,-0.651004053026978,-1.22422413871557,"157L","quercus","1","sa",15.90493601,10.415,2.143,0.155843043926635,0.798561818487096,0.818660354292723,0.155843043926635,0.818660354292723,0.00325145681637481,0.04816075190075
"138",1.76157243095425,-0.177058698582518,-1.0123463947476,-0.0436543397950327,1.59409026442585,1.8411352843727,-0.0436543397950356,1.8411352843727,-0.829998219137235,-1.22422413871557,"157L","quercus","1","pom",55.18134715,10.415,0.548,0.154815035715246,0.798561818487096,0.818660354292723,0.154815035715246,0.818660354292723,0.000160264319954294,0.04816075190075
"139",-0.509515331974959,-0.0496692142886786,1.67440244132813,0.795773900907679,-0.647006717759939,-0.887533062452334,0.795773900907682,-0.887533062452334,-0.143658254364921,0.793505983630778,"157L","quercus","2","sc",10.86323957,10.453,8.598,0.266456819319353,0.346352967960301,0.260353488042384,0.266456819319353,0.260353488042384,0.012013214587567,0.09087341839295
"140",-0.642071449811355,-0.0496692142886786,-0.640540406749047,-0.811297885340141,-0.647006717759939,-0.887533062452334,-0.811297885340141,-0.887533062452334,-0.196705351274786,0.793505983630778,"157L","quercus","2","sa",8.276533593,10.453,1.662,0.0527204307909544,0.346352967960301,0.260353488042384,0.0527204307909544,0.260353488042384,0.0110971021159256,0.09087341839295
"141",1.913165184366,-0.0496692142886786,-1.15986726251723,-1.00336713352885,-0.647006717759939,-0.887533062452334,-1.00336713352885,-0.887533062452334,-0.832821932786994,0.793505983630778,"157L","quercus","2","pom",58.13953488,10.453,0.106,0.0271757178499929,0.346352967960301,0.260353488042384,0.0271757178499929,0.260353488042384,0.00011149936500712,0.09087341839295
"142",-0.268342958945216,-0.0194980206401368,1.42007913535426,2.24458662207702,0.928797117465646,1.35434907716693,2.24458662207701,1.35434907716693,-0.357392253968411,-0.418661116667538,"158G","quercus","1","sc",15.56948798,10.462,7.836,0.459145161760942,0.664318877801503,0.719060092430497,0.459145161760942,0.719060092430497,0.00832207229973808,0.0652134510294
"143",-0.51441687610091,-0.0194980206401368,-0.470324020861019,-0.419208174074392,0.928797117465646,1.35434907716693,-0.419208174074393,1.35434907716693,-0.399316624999729,-0.418661116667538,"158G","quercus","1","sa",10.76759062,10.462,2.172,0.104867347675575,0.664318877801503,0.719060092430497,0.104867347675575,0.719060092430497,0.00759804702022517,0.0652134510294
"144",1.9513675437744,-0.0194980206401368,-1.0837705252967,-0.453501918897977,0.928797117465646,1.35434907716693,-0.453501918897976,1.35434907716693,-0.821721839622327,-0.418661116667538,"158G","quercus","1","pom",58.88501742,10.462,0.334,0.100306368364986,0.664318877801503,0.719060092430497,0.100306368364986,0.719060092430497,0.000303195694814049,0.0652134510294
"145",-0.575669641841295,-0.277629344077651,1.55458345596774,0.485131837780934,-0.869461855903787,-0.791144288434985,0.485131837780931,-0.791144288434985,1.03016260063472,0.218672065039851,"158G","quercus","2","sc",9.572301426,10.385,8.239,0.225142228853708,0.301465940262064,0.280075384412074,0.225142228853708,0.280075384412074,0.0322848597365028,0.07870494790165
"146",-0.833006132239681,-0.277629344077651,-0.500028448986576,-0.936490487322424,-0.869461855903787,-0.791144288434985,-0.936490487322424,-0.791144288434985,-0.169815588867566,0.218672065039851,"158G","quercus","2","sa",4.550625711,10.385,2.083,0.0360701387211513,0.301465940262064,0.280075384412074,0.0360701387211513,0.280075384412074,0.0115614827915088,0.07870494790165
"147",1.10614485796985,-0.277629344077651,-1.12882780391412,-0.905035484537147,-0.869461855903787,-0.791144288434985,-0.905035484537147,-0.791144288434985,-0.831494070214122,0.218672065039851,"158G","quercus","2","pom",42.39130435,10.385,0.199,0.0402535726872051,0.301465940262064,0.280075384412074,0.0402535726872051,0.280075384412074,0.000134431278994818,0.07870494790165
"148",-0.521980178536604,-0.984976217393439,-0.191636408671796,-0.0846896215472356,1.77075433144367,1.79487976370036,-0.0846896215472354,1.79487976370036,-0.590274104381195,-1.05841672171131,"158J1","picea","1","sa",10.62,10.174,3.007,0.14935744944,0.834209117693933,0.809196113311073,0.14935744944,0.809196113311073,0.00430025056,0.05167067467288
"149",1.15527335370172,-0.984976217393439,-0.765031998780879,0.880908494936544,1.77075433144367,1.79487976370036,0.880908494936544,1.79487976370036,-0.839278255350012,-1.05841672171131,"158J1","picea","1","pom",43.35,10.174,1.289,0.2777795,0.834209117693933,0.809196113311073,0.2777795,0.809196113311073,0,0.05167067467288
"150",-0.276224454772981,-0.984976217393439,0.959159862979028,1.853052736496,1.77075433144367,1.79487976370036,1.85305273649599,1.79487976370036,0.632240788564178,-1.05841672171131,"158J1","picea","1","sc",15.41568812,10.174,6.455,0.407072168253934,0.834209117693933,0.809196113311073,0.407072168253934,0.809196113311073,0.0254128317460664,0.05167067467288
"151",-0.861735477001012,-0.964862088294411,-0.398899890311925,-0.973765903025834,-1.14031035500184,-0.812289536962516,-0.973765903025834,-0.812289536962516,-0.375011293771512,0.883887629511426,"158J1","picea","2","sa",3.99,10.18,2.386,0.0311126049,0.24681409368085,0.275748901329135,0.0311126049,0.275748901329135,0.0080177951,0.0927866777802
"152",-0.621328180069668,-0.964862088294411,1.38269828198277,0.414147448473853,-1.14031035500184,-0.812289536962516,0.414147448473856,-0.812289536962516,2.81652150451701,0.883887629511426,"158J1","picea","2","sc",8.681318681,10.18,7.724,0.21570148878085,0.24681409368085,0.275748901329135,0.21570148878085,0.275748901329135,0.0631349112191497,0.0927866777802
"153",-0.258450063580107,0.1782909155003,1.81157682289672,2.93565340519359,1.12719707758508,1.24838479435607,2.93565340519359,1.24838479435607,-0.649945642462029,-1.45063868568067,"158N","fraxinus","1","sc",15.76253838,10.521,9.009,0.551055255460078,0.704352048442189,0.697378972136259,0.551055255460078,0.697378972136259,0.00326973534951139,0.04336785669321
"154",-0.605062259766017,0.1782909155003,-0.676252472023594,-0.756290712853265,1.12719707758508,1.24838479435607,-0.756290712853265,1.24838479435607,-0.74601819666049,-1.45063868568067,"158N","fraxinus","1","sa",8.998732573,10.521,1.555,0.0600362423751736,0.704352048442189,0.697378972136259,0.0600362423751736,0.697378972136259,0.0016105820647764,0.04336785669321
"155",2.03956264825232,0.1782909155003,-1.09311573863957,-0.506479023114834,1.12719707758508,1.24838479435607,-0.506479023114835,1.24838479435607,-0.830199320525962,-1.45063868568067,"158N","fraxinus","1","pom",60.60606061,10.521,0.306,0.0932605506069375,0.704352048442189,0.697378972136259,0.0932605506069375,0.697378972136259,0.000156791340262503,0.04336785669321
"156",-0.555171700278995,-0.0463168594388367,1.92939326254079,0.710224981215899,-0.888450749265326,-0.936674197166856,0.710224981215897,-0.936674197166856,-0.164914329440038,0.110181331500132,"158N","fraxinus","2","sc",9.972299169,10.454,9.362,0.255079034397798,0.29763435880528,0.250298827878801,0.255079034397798,0.250298827878801,0.0116461265354622,0.07640834318338
"157",-0.888790319581836,-0.0463168594388367,-0.744672783998193,-1.09089562351005,-0.888450749265326,-0.936674197166856,-1.09089562351005,-0.936674197166856,-0.79157010553747,0.110181331500132,"158N","fraxinus","2","sa",3.462050599,10.454,1.35,0.0155346552030002,0.29763435880528,0.250298827878801,0.0155346552030002,0.250298827878801,0.000823909951499719,0.07640834318338
"158",2.35013927280594,-0.0463168594388367,-1.16320483871111,-1.00453293550301,-0.888450749265326,-0.936674197166856,-1.00453293550301,-0.936674197166856,-0.838209305228282,0.110181331500132,"158N","fraxinus","2","pom",66.66666667,10.454,0.096,0.0270206692044819,0.29763435880528,0.250298827878801,0.0270206692044819,0.250298827878801,1.84605491181539e-05,0.07640834318338
"159",-0.484058772674815,0.0810726248550026,-0.436614501302801,-0.369100309399713,0.692705823563064,1.09837767036676,-0.369100309399713,1.09837767036676,-0.255951343209757,-0.394303428731607,"159G","populus","1","sa",11.36,10.492,2.273,0.111531564,0.61668034476,0.666686342375244,0.111531564,0.666686342375244,0.010073936,0.06572907092812
"160",-0.430763823896084,0.0810726248550026,1.26988820662953,1.70417350079743,0.692705823563064,1.09837767036676,1.70417350079743,1.09837767036676,0.771718593571031,-0.394303428731607,"159G","populus","1","sc",12.4,10.492,7.386,0.3872716152,0.61668034476,0.666686342375244,0.3872716152,0.666686342375244,0.0278215848,0.06572907092812
"161",1.47453059494354,0.0810726248550026,-1.04104955001499,-0.321388091072925,0.692705823563064,1.09837767036676,-0.321388091072925,1.09837767036676,-0.824441110795075,-0.394303428731607,"159G","populus","1","pom",49.58,10.492,0.462,0.11787716556,0.61668034476,0.666686342375244,0.11787716556,0.666686342375244,0.00025623444,0.06572907092812
"162",-0.766650624717579,-1.50123886426847,-0.412250195087456,-0.767860162134257,-0.829108471344306,-0.473085434927215,-0.767860162134257,-0.473085434927215,0.161212182716813,-0.194978481407769,"159G","populus","2","sa",5.845490035,10.02,2.346,0.0584975355621101,0.309608451626615,0.34515271123038,0.0584975355621101,0.34515271123038,0.01727826443789,0.069948515295
"163",-0.646427981189108,-1.50123886426847,1.34064482193984,0.680388924464708,-0.829108471344306,-0.473085434927215,0.680388924464709,-0.473085434927215,1.4266829026177,-0.194978481407769,"159G","populus","2","sc",8.191520046,10.02,7.598,0.251110916064505,0.309608451626615,0.34515271123038,0.251110916064505,0.34515271123038,0.0391326839354946,0.069948515295
"164",-0.61165917888543,1.93492485681533,-0.0477868747154433,-0.166357432624571,0.902646715127062,1.10111835579509,-0.166357432624571,1.10111835579509,-0.258741064854499,-0.968021303671294,"159L","fraxinus","1","sa",8.87,11.045,3.438,0.13849584192,0.6590422461,0.667247108030276,0.13849584192,0.667247108030276,0.01002575808,0.05358422559845
"165",-0.371319457950577,1.93492485681533,1.16141698032833,1.92405584371021,0.902646715127062,1.10111835579509,1.92405584371021,1.10111835579509,0.433041575651144,-0.968021303671294,"159L","fraxinus","1","sc",13.56,11.045,7.061,0.41651539776,0.6590422461,0.667247108030276,0.41651539776,0.667247108030276,0.02197270224,0.05358422559845
"166",1.60981777261262,1.93492485681533,-1.06407882575279,-0.425496576553556,0.902646715127062,1.10111835579509,-0.425496576553556,1.10111835579509,-0.809921011121308,-0.968021303671294,"159L","fraxinus","1","pom",52.22,11.045,0.393,0.10403100642,0.6590422461,0.667247108030276,0.10403100642,0.667247108030276,0.00050699358,0.05358422559845
"167",-0.70901118773341,-0.740254313355275,1.43342944012979,0.147896578189749,-1.4699923713223,-1.02278696074021,0.147896578189748,-1.02278696074021,2.4483571215594,0.396123753022198,"159L","fraxinus","2","sc",6.970268571,10.247,7.876,0.180290812080505,0.180290812080505,0.232679483545241,0.180290812080505,0.232679483545241,0.0567767879194953,0.08246136442303
"168",-0.363730729212253,-0.659797796959163,1.28891239093466,1.79024298688245,0.720943708901485,0.421235371830738,1.79024298688245,0.421235371830738,0.692399463871843,-0.427634014388314,"159N","acer","1","sc",13.70808679,10.271,7.443,0.39871863410465,0.622378189062008,0.528137736737229,0.39871863410465,0.528137736737229,0.02645175971644,0.06502350670356
"169",-0.71207049535773,-0.659797796959163,-0.401569951267031,-0.709970310060445,0.720943708901485,0.421235371830738,-0.709970310060445,0.421235371830738,-0.146081701879042,-0.427634014388314,"159N","acer","1","sa",6.910569106,10.271,2.378,0.0661967360711231,0.622378189062008,0.528137736737229,0.0661967360711231,0.528137736737229,0.0119713621465969,0.06502350670356
"170",1.6897125260113,-0.659797796959163,-1.00166615092718,-0.0237458082646946,0.720943708901485,0.421235371830738,-0.0237458082646931,0.421235371830738,-0.832844426235798,-0.427634014388314,"159N","acer","1","pom",53.77906977,10.271,0.58,0.157462818886235,0.622378189062008,0.528137736737229,0.157462818886235,0.528137736737229,0.000111110907764781,0.06502350670356
"171",-0.642232989773322,-0.911224410697006,1.44477719918899,0.279917865332359,-1.10806239771657,-1.09915269458599,0.279917865332361,-1.09915269458599,2.24379788178866,1.08340336262956,"159N","acer","2","sc",8.273381295,10.196,7.91,0.197849301604246,0.253321090839708,0.217054457659646,0.197849301604246,0.217054457659646,0.0532440918501536,0.09701016082892
"172",-0.892336148133128,-0.911224410697006,-0.430606864153812,-0.998752625846603,-1.10806239771657,-1.09915269458599,-0.998752625846603,-1.09915269458599,-0.164730684145341,1.08340336262956,"159N","acer","2","sa",3.392857143,10.196,2.291,0.0277894354295556,0.253321090839708,0.217054457659646,0.0277894354295556,0.217054457659646,0.0116492980519943,0.09701016082892
"173",2.03547611354341,-0.911224410697006,-1.16387235394989,-0.999557766503174,-1.10806239771657,-1.09915269458599,-0.999557766503174,-1.09915269458599,-0.835850572878148,1.08340336262956,"159N","acer","2","pom",60.52631579,10.196,0.094,0.027682353805906,0.253321090839708,0.217054457659646,0.027682353805906,0.217054457659646,5.91953724939476e-05,0.09701016082892
"174",-0.120608696281069,-0.569284216013544,1.04560308640059,2.62456166501133,2.25050583054437,0.275754221591169,2.62456166501133,0.275754221591169,-0.436332938602787,-1.17584055127037,"159P","picea","1","sc",18.45238095,10.298,6.714,0.509680859109797,0.931013439716285,0.498371156572491,0.509680859109797,0.498371156572491,0.00695878288474246,0.04918496817792
"175",-0.56299477818103,-0.569284216013544,-0.413585225565009,-0.422544562625727,2.25050583054437,0.275754221591169,-0.42254456262573,0.275754221591169,-0.414209261996875,-1.17584055127037,"159P","picea","1","sa",9.819639279,10.298,2.342,0.104423616632698,0.931013439716285,0.498371156572491,0.104423616632698,0.498371156572491,0.00734085423714231,0.04918496817792
"176",1.55076367225329,-0.569284216013544,-0.795403942145213,1.1751207158702,2.25050583054437,0.275754221591169,1.1751207158702,0.275754221591169,-0.827787284301112,-1.17584055127037,"159P","picea","1","pom",51.06761566,10.298,1.198,0.31690896397379,0.931013439716285,0.498371156572491,0.31690896397379,0.498371156572491,0.000198446710609909,0.04918496817792
"177",-0.50835892434017,-0.304448182876351,1.37835943293072,0.726061503291197,-0.578890965575748,-0.718459876993181,0.726061503291198,-0.718459876993181,0.901259403181095,0.337430399071429,"159P","picea","2","sc",10.88580576,10.377,7.711,0.257185250849477,0.360097373598623,0.294947182967051,0.257185250849477,0.294947182967051,0.0300587279837628,0.08121890408364
"178",-0.782324104278192,-0.304448182876351,-0.389888434588441,-0.823306240810648,-0.578890965575748,-0.718459876993181,-0.823306240810647,-0.718459876993181,-0.297424163703738,0.337430399071429,"159P","picea","2","sa",5.539637058,10.377,2.413,0.0511233505905585,0.360097373598623,0.294947182967051,0.0511233505905585,0.294947182967051,0.00935770890555146,0.08121890408364
"179",1.03921700851102,-0.304448182876351,-1.11013737722837,-0.818302973770801,-0.578890965575748,-0.718459876993181,-0.818302973770801,-0.718459876993181,-0.837122006875882,0.337430399071429,"159P","picea","2","pom",41.08527132,10.377,0.255,0.0517887721585874,0.360097373598623,0.294947182967051,0.0517887721585874,0.294947182967051,3.72379684125816e-05,0.08121890408364
"180",-0.484571224105379,1.33485333869436,1.23985002088458,1.39690492335566,0.41901109354061,-0.301279389794224,1.39690492335566,-0.301279389794224,1.07077979827788,-0.878108028855747,"160L1","fagus","1","sc",11.35,10.866,7.296,0.3464056896,0.56145418532,0.380305570599557,0.3464056896,0.380305570599557,0.0329863104,0.0554875701924
"181",-0.907856105751837,1.33485333869436,-0.301442665450544,-0.930991792365517,0.41901109354061,-0.301279389794224,-0.930991792365517,-0.301279389794224,-0.148004890152295,-0.878108028855747,"160L1","fagus","1","sa",3.09,10.866,2.678,0.03680145092,0.56145418532,0.380305570599557,0.03680145092,0.380305570599557,0.01193814908,0.0554875701924
"182",1.66516252711361,1.33485333869436,-0.978970632808773,0.13252960789157,0.41901109354061,-0.301279389794224,0.13252960789157,-0.301279389794224,-0.800727988100219,-0.878108028855747,"160L1","fagus","1","pom",53.3,10.866,0.648,0.1782470448,0.56145418532,0.380305570599557,0.1782470448,0.380305570599557,0.0006657552,0.0554875701924
"183",-0.563488744412346,0.996265498860735,1.32562572906737,0.401503826277776,-0.916218583689389,-1.38655263307527,0.401503826277776,-1.38655263307527,2.11908814198505,0.222072053709387,"160L1","fagus","2","sc",9.81,10.765,7.553,0.21401991975,0.29203136144,0.158250184430474,0.21401991975,0.158250184430474,0.05109038025,0.0787769211455
"184",-0.952951831641532,0.996265498860735,-0.233022353475944,-0.989503409627993,-0.916218583689389,-1.38655263307527,-0.989503409627993,-1.38655263307527,0.385093148604344,0.222072053709387,"160L1","fagus","2","sa",2.21,10.765,2.883,0.02901955725,0.29203136144,0.158250184430474,0.02901955725,0.158250184430474,0.02114464275,0.0787769211455
"185",1.44839557198474,0.996265498860735,-1.13249913772739,-0.839332613940133,-0.916218583689389,-1.38655263307527,-0.839332613940133,-1.38655263307527,-0.8065670638917,0.222072053709387,"160L1","fagus","2","pom",49.07,10.765,0.188,0.04899188444,0.29203136144,0.158250184430474,0.04899188444,0.158250184430474,0.00056491556,0.0787769211455
