site,depth,fraction.name,fraction.code,pct.n.pre.ashing,pct.c.pre.ashing,pct.n.post.ashing,pct.c.post.ashing,pct.mass.loss,c.in.org.fract,org.c.in.t.frac,n.in.org.fract,org.n.in.t.frac,species,mean.c.pre,mean.n.pre,mean.c.post,mean.n.post,mean.pct.mass.loss,fraction.id,c.in.org.fraction.bulk,org.c.in.total.bulk,n.in.org.fraction.bulk,org.n.in.total.bulk,sample,soil.start.wt,weight.g,orgc.weight,totwt,pct.c.cont.by.fraction
125J,1,Silt + Clay,sc,0.435615779,5.159870359,0.003391505,0.434500714,12.52427184,38.16419634,4.779787696,3.454484547,0.432649035,acer,4.912490973,0.379993902,0.573112105,0.002997376,11.02941176,fraction.sc,39.91681386,4.402589762,3.421099213,0.377327119,24A,10.588,7.397,0.353560896,0.509469442,69.39786118
125J,1,Sand + Agg,sa,0.209862943,3.300655016,0.004350973,0.567157473,6.158663883,44.9517447,2.768426865,3.341308045,0.205779932,acer,4.912490973,0.379993902,0.573112105,0.002997376,11.02941176,fraction.sa,39.91681386,4.402589762,3.421099213,0.377327119,24A,10.588,2.965,0.082083857,0.509469442,16.11163494
125J,1,POM,pom,1.232299575,20.00669084,0.004631929,0,40.59405941,49.28477499,20.00669084,3.028886374,1.229547934,acer,4.912490973,0.379993902,0.573112105,0.002997376,11.02941176,fraction.pom,39.91681386,4.402589762,3.421099213,0.377327119,24A,10.588,0.369,0.073824689,0.509469442,14.49050388
125J,2,Silt + Clay,sc,0.235396992,3.325727206,0.003251489,0.600507356,8.545454545,32.49137794,2.776535933,2.719847801,0.232423358,acer,3.154420134,0.21398208,0.769401855,0.00295319,7.027027027,fraction.sc,34.71004659,2.439084355,3.006056625,0.211236411,24B,10.019,7.501,0.20826796,0.24185428,86.11299357
125J,2,Sand + Agg,sa,0.084176795,1.607423292,0.002964711,0.462854437,3.259005146,35.58304614,1.159653305,2.494893394,0.081308704,acer,3.154420134,0.21398208,0.769401855,0.00295319,7.027027027,fraction.sa,34.71004659,2.439084355,3.006056625,0.211236411,24B,10.019,2.271,0.026335727,0.24185428,10.8890885
125J,2,POM,pom,1.526200021,27.96273809,0.004953767,0.174438153,56.52173913,49.33835343,27.88689541,2.696389447,1.524046209,acer,3.154420134,0.21398208,0.769401855,0.00295319,7.027027027,fraction.pom,34.71004659,2.439084355,3.006056625,0.211236411,24B,10.019,0.026,0.007250593,0.24185428,2.997917927
126E,1,Sand + Agg,sa,0.1,1.75,0,0.2,3.66,42.54972678,1.55732,2.732240437,0.1,fagus,5.33430297,0.349480682,0.47824324,0.003419454,10.84723707,fraction.sa,45.24595412,4.907935908,3.193736267,0.346432144,14A,10.488,3.595,0.055985654,0.506745932,11.04807172
126E,1,Silt + Clay,sc,0.38,5.31,0,0.46,11.18,43.84103757,4.901428,3.398926655,0.38,fagus,5.33430297,0.349480682,0.47824324,0.003419454,10.84723707,fraction.sc,45.24595412,4.907935908,3.193736267,0.346432144,14A,10.488,6.336,0.310554478,0.506745932,61.28405941
126E,1,POM,pom,1.05,19.18,0,0,38.86,49.35666495,19.18,2.702007205,1.05,fagus,5.33430297,0.349480682,0.47824324,0.003419454,10.84723707,fraction.pom,45.24595412,4.907935908,3.193736267,0.346432144,14A,10.488,0.731,0.1402058,0.506745932,27.66786887
126F,1,Sand + Agg,sa,0.27,4.01,0,0.16,8.26,46.77016949,3.863216,3.268765133,0.27,picea_sit,7.659986369,0.513921839,0.509062309,0.003698115,14.17322835,fraction.sa,50.96280428,7.223074623,3.603609945,0.510747866,10A,10.63,4.076,0.157464684,0.881874082,17.85568794
126F,1,POM,pom,1.34,25.89,0,0,50.84,50.92446892,25.89,2.635719906,1.34,picea_sit,7.659986369,0.513921839,0.509062309,0.003698115,14.17322835,fraction.pom,50.96280428,7.223074623,3.603609945,0.510747866,10A,10.63,1.17,0.302913,0.881874082,34.34878132
126F,1,Silt + Clay,sc,0.58,7.71,0.017163311,0.561355786,16.88884626,42.88896126,7.24345073,3.349757381,0.565735374,picea_sit,7.659986369,0.513921839,0.509062309,0.003698115,14.17322835,fraction.sc,50.96280428,7.223074623,3.603609945,0.510747866,10A,10.63,5.819,0.421496398,0.881874082,47.79553073
126F,2,Sand + Agg,sa,0.07,1.42,0,0.34,3.03,35.98356436,1.090302,2.310231023,0.07,picea_sit,2.414041029,0.145616483,0.778474775,0.002886735,4.742154707,fraction.sa,35.26841353,1.672482732,3.012694656,0.142866641,10B,11.061,2.913,0.031760497,0.250117327,12.69823954
126F,2,POM,pom,1.73,31.39,0,1.25,54.84,56.2098833,30.8255,3.154631656,1.73,picea_sit,2.414041029,0.145616483,0.778474775,0.002886735,4.742154707,fraction.pom,35.26841353,1.672482732,3.012694656,0.142866641,10B,11.061,0.112,0.03452456,0.250117327,13.803346
126F,2,Silt + Clay,sc,0.24,3.49,0.019055301,0.94174077,7.439529729,35.19470195,2.618320315,2.988929837,0.222362324,picea_sit,2.414041029,0.145616483,0.778474775,0.002886735,4.742154707,fraction.sc,35.26841353,1.672482732,3.012694656,0.142866641,10B,11.061,7.021,0.183832269,0.250117327,73.49841445
126Y,1,POM,pom,1.65,27.78,0.368811403,1.292311052,50.65717415,53.5804408,27.14233721,2.897946947,1.468018032,fraxinus,6.819863399,0.560535552,0.677563863,0.002982754,14.01273885,fraction.pom,44.51124693,6.237244791,3.981882268,0.557970764,3A,10.318,0.289,0.078441355,0.627234906,12.50589751
126Y,1,Sand + Agg,sa,0.46,6.18,0.004143629,0.572631537,12.12034384,46.8367354,5.676773374,3.765228108,0.456358593,fraxinus,6.819863399,0.560535552,0.677563863,0.002982754,14.01273885,fraction.sa,44.51124693,6.237244791,3.981882268,0.557970764,3A,10.318,3.627,0.20589657,0.627234906,32.82607013
126Y,1,Silt + Clay,sc,0.53,6.08,0.0196526,0.557423913,12.93240557,43.26081778,5.594664408,3.965920734,0.512888954,fraxinus,6.819863399,0.560535552,0.677563863,0.002982754,14.01273885,fraction.sc,44.51124693,6.237244791,3.981882268,0.557970764,3A,10.318,6.129,0.342896982,0.627234906,54.66803236
126Y,2,POM,pom,0.42,6.56,0.003388948,0,16.7077378,39.26324484,6.56,2.496910554,0.417177269,fraxinus,3.767673087,0.272871684,0.843709604,0.003268834,8.284023669,fraction.pom,36.14012593,2.993856586,3.25776038,0.269873641,3B,10.467,0.516,0.0338496,0.323473974,10.46439675
126Y,2,Sand + Agg,sa,0.12,2.13,0.00468812,0.570493562,4.040692147,39.16552583,1.582558327,2.858453658,0.115501312,fraxinus,3.767673087,0.272871684,0.843709604,0.003268834,8.284023669,fraction.sa,36.14012593,2.993856586,3.25776038,0.269873641,3B,10.467,2.591,0.041004086,0.323473974,12.6761624
126Y,2,Silt + Clay,sc,0.29,3.7,0.012943114,0.637471657,8.990931893,34.69988454,3.119842986,3.094457792,0.278220593,fraxinus,3.767673087,0.272871684,0.843709604,0.003268834,8.284023669,fraction.sc,36.14012593,2.993856586,3.25776038,0.269873641,3B,10.467,7.969,0.248620288,0.323473974,76.85944085
127E,1,Silt + Clay,sc,0.41,5,0,0.34,11.4,41.21719298,4.69876,3.596491228,0.41,quercus,6.374198612,0.447685404,0.386679078,0.003647775,15,fraction.sc,40.30347597,6.045521396,2.963898635,0.444584795,18A,10.838,6.886,0.323556614,0.591672402,54.68509478
127E,1,Sand + Agg,sa,0.23,3.4,0,0.29,5.45,57.35422018,3.125805,4.220183486,0.23,quercus,6.374198612,0.447685404,0.386679078,0.003647775,15,fraction.sa,40.30347597,6.045521396,2.963898635,0.444584795,18A,10.838,2.576,0.080520737,0.591672402,13.6090067
127E,1,POM,pom,1.42,24.28,0.02,0.2,47.31,51.09833016,24.17462,2.979205242,1.409462,quercus,6.374198612,0.447685404,0.386679078,0.003647775,15,fraction.pom,40.30347597,6.045521396,2.963898635,0.444584795,18A,10.838,0.776,0.187595051,0.591672402,31.70589852
127E,2,Sand + Agg,sa,0.13,2.28,0,0.48,3.91,46.51580563,1.818768,3.324808184,0.13,quercus,3.585404198,0.240934952,1.002929195,0.004992598,6.622516556,fraction.sa,39.99830174,2.648894155,3.567722144,0.23627299,18B,11.029,2.901,0.05276246,0.312151648,16.90282915
127E,2,Silt + Clay,sc,0.26,3.4,0,0.56,8.27,34.90099154,2.886312,3.143893591,0.26,quercus,3.585404198,0.240934952,1.002929195,0.004992598,6.622516556,fraction.sc,39.99830174,2.648894155,3.567722144,0.23627299,18B,11.029,6.752,0.194883786,0.312151648,62.43240673
127E,2,POM,pom,1.45,24.32,0,0.13,46.27,52.41009509,24.250151,3.133779987,1.45,quercus,3.585404198,0.240934952,1.002929195,0.004992598,6.622516556,fraction.pom,39.99830174,2.648894155,3.567722144,0.23627299,18B,11.029,0.266,0.064505402,0.312151648,20.66476412
127F,1,Sand + Agg,sa,0.25,3.39,0,0.28,6.77,46.2179616,3.128956,3.692762186,0.25,populus,5.665956958,0.471839666,0.554686238,0.003431405,12.63046999,fraction.sa,41.02246554,5.181330199,3.711989055,0.468841664,15A,10.838,3.194,0.099938855,0.681688049,14.6604968
127F,1,Silt + Clay,sc,0.48,5.77,0,0.53,11.89,44.6006476,5.303017,4.037005887,0.48,populus,5.665956958,0.471839666,0.554686238,0.003431405,12.63046999,fraction.sc,41.02246554,5.181330199,3.711989055,0.468841664,15A,10.838,6.644,0.352332449,0.681688049,51.68529065
127F,1,POM,pom,1.55,23.17,0,0.08,45.86,50.42888792,23.126688,3.379851723,1.55,populus,5.665956958,0.471839666,0.554686238,0.003431405,12.63046999,fraction.pom,41.02246554,5.181330199,3.711989055,0.468841664,15A,10.838,0.992,0.229416745,0.681688049,33.65421255
127F,2,Sand + Agg,sa,0.09,1.64,0,0.45,3.33,36.18573574,1.204985,2.702702703,0.09,populus,3.218842681,0.222168293,0.883243466,0.002653332,6.930201039,fraction.sa,34.58499615,2.396809763,3.170165497,0.219698842,15B,11.029,3.039,0.036619494,0.270536094,13.53589962
127F,2,Silt + Clay,sc,0.24,3.32,0,0.92,6.57,37.44968037,2.460444,3.652968037,0.24,populus,3.218842681,0.222168293,0.883243466,0.002653332,6.930201039,fraction.sc,34.58499615,2.396809763,3.170165497,0.219698842,15B,11.029,7.693,0.189281957,0.270536094,69.96550957
127F,2,POM,pom,0.76,12.12,0,0.16,24.1,49.78655602,11.99856,3.153526971,0.76,populus,3.218842681,0.222168293,0.883243466,0.002653332,6.930201039,fraction.pom,34.58499615,2.396809763,3.170165497,0.219698842,15B,11.029,0.372,0.044634643,0.270536094,16.49859081
130E,1,Silt + Clay,sc,0.481931217,5.809513319,0.003858471,0.060223961,14.77170994,38.9811707,5.758185467,3.24026609,0.478642708,picea_ab,8.661298745,0.630498777,0.374529621,0.003660695,17.44186047,fraction.sc,47.88533925,8.352094058,3.597532364,0.627476575,25A,10.542,7.328,0.421959831,0.781815028,53.97182403
130E,1,Sand + Agg,sa,0.505239968,7.014947908,0.003696236,0.114652273,12.8745838,53.71091404,6.915056638,3.899307463,0.502019607,picea_ab,8.661298745,0.630498777,0.374529621,0.003660695,17.44186047,fraction.sa,47.88533925,8.352094058,3.597532364,0.627476575,25A,10.542,2.701,0.18677568,0.781815028,23.89000891
130E,1,POM,pom,1.593110674,24.86774668,0.004293298,0,48.61111111,51.15650746,24.86774668,3.272717614,1.590904396,picea_ab,8.661298745,0.630498777,0.374529621,0.003660695,17.44186047,fraction.pom,47.88533925,8.352094058,3.597532364,0.627476575,25A,10.542,0.696,0.173079517,0.781815028,22.13816706
130E,2,Silt + Clay,sc,0.244690148,3.296704729,0.003470974,0.225690694,10.33464567,29.94140745,3.094338369,2.337553648,0.241577887,picea_ab,3.522244393,0.228831709,0.930794334,0.003355138,7.509881423,fraction.sc,35.43799775,2.66135161,3.005753689,0.225728538,25B,10.333,7.882,0.24389575,0.321619032,75.83374306
130E,2,Sand + Agg,sa,0.004960369,0.514033675,0.003341904,0,4.674796748,10.99585079,0.514033675,0.037962981,0.001774692,picea_ab,3.522244393,0.228831709,0.930794334,0.003355138,7.509881423,fraction.sa,35.43799775,2.66135161,3.005753689,0.225728538,25B,10.333,2.265,0.011642863,0.321619032,3.620078909
130E,2,POM,pom,1.100618891,18.45821756,0.00351786,0,39.3258427,46.93661036,18.45821756,2.793289053,1.098484459,picea_ab,3.522244393,0.228831709,0.930794334,0.003355138,7.509881423,fraction.pom,35.43799775,2.66135161,3.005753689,0.225728538,25B,10.333,0.358,0.066080419,0.321619032,20.54617803
130P,1,Silt + Clay,sc,0.394773031,4.64932051,0.00401164,0.107234663,12.96482412,35.14115263,4.555988632,3.01802392,0.391281493,populus,4.999120472,0.370655433,0.692381116,0.004461926,12.6984127,fraction.sc,34.60795354,4.394660768,2.888235793,0.366760101,28A,10.428,7.252,0.330400296,0.496631843,66.52821403
130P,1,Sand + Agg,sa,0.201335515,2.955041592,0.004210047,0.314562094,5.856255546,45.40274988,2.658901058,3.37027675,0.197372019,populus,4.999120472,0.370655433,0.692381116,0.004461926,12.6984127,fraction.sa,34.60795354,4.394660768,2.888235793,0.366760101,28A,10.428,2.761,0.073412258,0.496631843,14.78202802
130P,1,POM,pom,1.4664087,21.49803901,0.004052148,0.192230941,42.20183486,50.67773267,21.38693305,3.469201369,1.464066633,populus,4.999120472,0.370655433,0.692381116,0.004461926,12.6984127,fraction.pom,34.60795354,4.394660768,2.888235793,0.366760101,28A,10.428,0.434,0.092819289,0.496631843,18.68975796
130P,2,Silt + Clay,sc,0.208369598,2.921378762,0.003133382,0.373080768,8.943089431,28.86768561,2.581662941,2.298047434,0.205516437,populus,2.958489964,0.194327839,0.932050379,0.01873684,6.870229008,fraction.sc,30.42800434,2.090473581,2.574561381,0.176878263,28B,10.364,7.159,0.18482125,0.271965418,67.95762906
130P,2,Sand + Agg,sa,0.077331178,1.576863933,0.003944628,0.275808541,3.700361011,35.43603718,1.311261304,1.987171394,0.073532515,populus,2.958489964,0.194327839,0.932050379,0.01873684,6.870229008,fraction.sa,30.42800434,2.090473581,2.574561381,0.176878263,28B,10.364,3.06,0.040124596,0.271965418,14.75356543
130P,2,POM,pom,1.067321883,18.4415416,0.003282882,0.003918653,36.36363636,50.70738176,18.43904791,2.929390135,1.065232776,populus,2.958489964,0.194327839,0.932050379,0.01873684,6.870229008,fraction.pom,30.42800434,2.090473581,2.574561381,0.176878263,28B,10.364,0.255,0.047019572,0.271965418,17.28880551
130Q1,1,Silt + Clay,sc,0.413212101,5.093772469,0.003825147,0.107026533,13.25757576,37.72133873,5.00093506,3.091772457,0.409894076,acer,5.803702026,0.437261682,0.534562458,0.003200688,12.13872832,fraction.sc,43.94223606,5.334028652,3.579036497,0.434449517,23A,10.1,6.858,0.342964126,0.51732214,66.29604648
130Q1,1,Sand + Agg,sa,4.110491254,2.896410164,0.003649906,0.435383944,7.545045045,33.05316429,2.493876135,54.4346218,4.107116735,acer,5.803702026,0.437261682,0.534562458,0.003200688,12.13872832,fraction.sa,43.94223606,5.334028652,3.579036497,0.434449517,23A,10.1,2.853,0.071150286,0.51732214,13.75357454
130Q1,1,POM,pom,1.707514522,26.7717562,0.004834491,0.072221153,52.91828794,50.52648959,26.73775324,3.222398961,1.705238361,acer,5.803702026,0.437261682,0.534562458,0.003200688,12.13872832,fraction.pom,43.94223606,5.334028652,3.579036497,0.434449517,23A,10.1,0.386,0.103207728,0.51732214,19.95037899
130Q1,2,Silt + Clay,sc,0.210902533,2.875432154,0.003721259,0.33814262,8.788927336,29.20730306,2.567008643,2.361020006,0.207508333,acer,3.064833815,0.203752194,1.139314465,0.005138146,7.272727273,fraction.sc,27.61520553,2.008378584,2.736081306,0.198987731,23B,10.229,7.925,0.203435435,0.256060666,79.44813945
130Q1,2,Sand + Agg,sa,0.075713724,1.583726012,0.002716678,0.533462962,3.225806452,33.09161751,1.067471533,2.265625104,0.073084681,acer,3.064833815,0.203752194,1.139314465,0.005138146,7.272727273,fraction.sa,27.61520553,2.008378584,2.736081306,0.198987731,23B,10.229,2.329,0.024861412,0.256060666,9.709188212
130Q1,2,POM,pom,0.590390051,12.01896926,0.005305225,0,30.3030303,39.66259856,12.01896926,1.936085151,0.58669247,acer,3.064833815,0.203752194,1.139314465,0.005138146,7.272727273,fraction.pom,27.61520553,2.008378584,2.736081306,0.198987731,23B,10.229,0.231,0.027763819,0.256060666,10.84267234
130T2,1,Silt + Clay,sc,0.585019434,6.812160144,0.003304638,0.07686168,17.36111111,38.87218084,6.748642506,3.353981863,0.582288518,fraxinus,6.279059392,0.51395777,0.42115156,0.00343195,12.6984127,fraction.sc,46.55217573,5.911387395,4.023822782,0.510961623,31A,10.414,7.553,0.509724968,0.800843135,63.64854063
130T2,1,Sand + Agg,sa,0.29295566,3.95544405,0.003136187,0.182700521,8.64422202,43.82738619,3.788536568,3.35588988,0.290090572,fraxinus,6.279059392,0.51395777,0.42115156,0.00343195,12.6984127,fraction.sa,46.55217573,5.911387395,4.023822782,0.510961623,31A,10.414,2.634,0.099790053,0.800843135,12.46062416
130T2,1,POM,pom,1.72629777,24.93691378,0.003999889,0.047448197,48.57768053,51.28387059,24.91251482,3.549450932,1.724240934,fraxinus,6.279059392,0.51395777,0.42115156,0.00343195,12.6984127,fraction.pom,46.55217573,5.911387395,4.023822782,0.510961623,31A,10.414,0.768,0.191328114,0.800843135,23.89083521
130T2,2,Silt + Clay,sc,0.266290515,3.618918228,0.002942319,0.388714908,10.31111111,31.7161178,3.270284146,2.556965772,0.263651582,fraxinus,3.449157696,0.22710261,0.917170521,0.003339845,9.756097561,fraction.sc,26.87003906,2.621467226,2.296908186,0.224088604,31B,10.537,8.508,0.278235775,0.35399777,78.59817164
130T2,2,Sand + Agg,sa,0.069830519,1.434657887,0.00319631,0.216617256,4.019607843,30.51909149,1.226747795,1.660925412,0.066762688,fraxinus,3.449157696,0.22710261,0.917170521,0.003339845,9.756097561,fraction.sa,26.87003906,2.621467226,2.296908186,0.224088604,31B,10.537,2.507,0.030754567,0.35399777,8.687785574
130T2,2,POM,pom,1.859173412,30.89123947,0.004291767,0.16653261,61.42857143,50.18349726,30.82700546,3.023866538,1.857518016,fraxinus,3.449157696,0.22710261,0.917170521,0.003339845,9.756097561,fraction.pom,26.87003906,2.621467226,2.296908186,0.224088604,31B,10.537,0.146,0.045007428,0.35399777,12.71404278
131M,1,Silt + Clay,sc,0.246229446,3.302334334,0.004164963,0.399050592,10.19567456,28.87469215,2.943969642,2.378352974,0.242489129,quercus,4.57209454,0.333024305,1.013294618,0.002762472,9.154929577,fraction.sc,39.88633992,3.651566331,3.610237879,0.330514735,32A,10.879,8.749,0.257567904,0.335314382,76.81385534
131M,1,Sand + Agg,sa,0.062007451,1.512182663,0.003042684,0.430045651,3.436123348,31.92300741,1.096913911,1.719068595,0.059069317,quercus,4.57209454,0.333024305,1.013294618,0.002762472,9.154929577,fraction.sa,39.88633992,3.651566331,3.610237879,0.330514735,32A,10.879,2.458,0.026962144,0.335314382,8.040855215
131M,1,POM,pom,1.673687839,27.94184576,0.004104227,0.088536306,56.66666667,49.24143534,27.90348003,2.950428248,1.671909341,quercus,4.57209454,0.333024305,1.013294618,0.002762472,9.154929577,fraction.pom,39.88633992,3.651566331,3.610237879,0.330514735,32A,10.879,0.182,0.050784334,0.335314382,15.14528945
131M,2,Silt + Clay,sc,0.175344057,2.622886346,0.003339881,0.378640976,9.259259259,24.61649097,2.27930472,1.860984982,0.172313424,quercus,2.947085555,0.180276705,0.967127034,0.008704102,6.465740078,fraction.sc,31.58943008,2.042490441,2.662268906,0.172135388,32B,10.455,8.9,0.20285812,0.234835007,86.38325381
131M,2,Sand + Agg,sa,0.03187701,1.222353681,0.003423858,0.526409259,2.58780037,27.41969013,0.709566843,1.102934946,0.028541755,quercus,2.947085555,0.180276705,0.967127034,0.008704102,6.465740078,fraction.sa,31.58943008,2.042490441,2.662268906,0.172135388,32B,10.455,2.011,0.014269389,0.234835007,6.076346706
131M,2,POM,pom,1.72286944,30.53016837,0.095801787,0.414269183,100,30.53016837,30.53016837,1.72286944,1.72286944,quercus,2.947085555,0.180276705,0.967127034,0.008704102,6.465740078,fraction.pom,31.58943008,2.042490441,2.662268906,0.172135388,32B,10.455,0.058,0.017707498,0.234835007,7.540399486
131N1,1,POM,pom,1.04,18.71,0.004575909,0.605778891,37.47943402,48.91019325,18.33126361,2.767221926,1.037139116,fagus,4.971198542,0.349405411,0.578546458,0.003018163,9.691954023,fraction.pom,45.90121383,4.448724541,3.576985262,0.346679767,1A,10.364,0.596,0.109254331,0.465058131,23.49261822
131N1,1,Sand + Agg,sa,0.1,1.98,0.003834351,0.540328706,3.751959248,38.91151557,1.459944207,2.566912536,0.096309512,fagus,4.971198542,0.349405411,0.578546458,0.003018163,9.691954023,fraction.sa,45.90121383,4.448724541,3.576985262,0.346679767,1A,10.364,3.245,0.04737519,0.465058131,10.18693931
131N1,1,Silt + Clay,sc,0.396141868,5.125028521,0.013651776,0.499295543,11.20376729,41.78659524,4.681672889,3.427593552,0.384019605,fagus,4.971198542,0.349405411,0.578546458,0.003018163,9.691954023,fraction.sc,45.90121383,4.448724541,3.576985262,0.346679767,1A,10.364,6.588,0.30842861,0.465058131,66.32044247
131N1,2,POM,pom,1.11,19.51,0.026134973,1.030448158,36.76880223,51.2892293,18.85843529,2.973919402,1.093474544,fagus,2.631511717,0.166789963,0.941436945,0.002980409,5.274736019,fraction.pom,32.98237257,1.739733086,3.108530211,0.163966763,1B,10.301,0.114,0.021498616,0.198813284,10.81347072
131N1,2,Sand + Agg,sa,0.07,1.57,0.004327847,0.660884211,2.707820489,34.23459387,0.927011347,2.429605049,0.065789343,fagus,2.631511717,0.166789963,0.941436945,0.002980409,5.274736019,fraction.sa,32.98237257,1.739733086,3.108530211,0.163966763,1B,10.301,3.634,0.033687592,0.198813284,16.94433677
131N1,2,Silt + Clay,sc,0.2,3.04,0.018821678,0.928187252,5.415800416,39.9217355,2.162081517,3.36418724,0.182197667,fagus,2.631511717,0.166789963,0.941436945,0.002980409,5.274736019,fraction.sc,32.98237257,1.739733086,3.108530211,0.163966763,1B,10.301,6.643,0.143627075,0.198813284,72.2421925
131N2,1,Silt + Clay,sc,0.522593619,7.087117119,0.003252869,0.257860967,17.02786378,40.36421982,6.873164366,3.053199455,0.519894644,picea_ab,6.609373771,0.415385387,0.794718158,0.004007525,14.47368421,fraction.sc,40.96870239,5.92968061,2.846254572,0.411957899,20A,10.478,6.574,0.451841825,0.683063907,66.14927549
131N2,1,Sand + Agg,sa,0.045418199,0.958939667,0.004118564,0.143899916,2.872062663,28.52210216,0.819172647,1.442096765,0.041417923,picea_ab,6.609373771,0.415385387,0.794718158,0.004007525,14.47368421,fraction.sa,40.96870239,5.92968061,2.846254572,0.411957899,20A,10.478,3.198,0.026197141,0.683063907,3.835240156
131N2,1,POM,pom,1.581747266,29.3768394,0.004250348,0.204496646,57.18157182,51.22153207,29.28927715,2.763000882,1.579927334,picea_ab,6.609373771,0.415385387,0.794718158,0.004007525,14.47368421,fraction.pom,40.96870239,5.92968061,2.846254572,0.411957899,20A,10.478,0.7,0.20502494,0.683063907,30.01548435
131N2,2,Silt + Clay,sc,0.251647726,3.558401857,0.002814328,0.589746264,9.576427256,31.5893614,3.025132215,2.601209234,0.24910291,picea_ab,3.226142801,0.19645388,0.889181596,0.038650886,4.285714286,fraction.sc,55.41827638,2.375068988,3.720720746,0.159459461,20B,10.701,7.123,0.215480168,0.29866052,72.14886239
131N2,2,Sand + Agg,sa,0.054047645,1.34559389,0.003689508,0.460765835,2.96735905,30.27947129,0.898500632,1.700758725,0.050467618,picea_ab,3.226142801,0.19645388,0.889181596,0.038650886,4.285714286,fraction.sa,55.41827638,2.375068988,3.720720746,0.159459461,20B,10.701,3.37,0.030279471,0.29866052,10.13842448
131N2,2,POM,pom,1.442441589,26.99228127,0.005538094,0.342257477,59.375,45.22650808,26.85323917,2.425586086,1.440191738,picea_ab,3.226142801,0.19645388,0.889181596,0.038650886,4.285714286,fraction.pom,55.41827638,2.375068988,3.720720746,0.159459461,20B,10.701,0.197,0.052900881,0.29866052,17.71271313
131V1,1,Sand + Agg,sa,0.2,3.02,0,0.48,6.17,41.64693679,2.569616,3.241491086,0.2,fraxinus,3.41186608,0.352040363,0.709395956,0.003964998,10.65088757,fraction.sa,26.08258769,2.77802709,3.272005926,0.348497672,5A,10.111,2.843,0.073054183,0.522029383,13.99426647
131V1,1,POM,pom,1.25,19.33,0,0.33,39,49.04794872,19.1287,3.205128205,1.25,fraxinus,3.41186608,0.352040363,0.709395956,0.003964998,10.65088757,fraction.pom,26.08258769,2.77802709,3.272005926,0.348497672,5A,10.111,0.602,0.115154774,0.522029383,22.05905985
131V1,1,Silt + Clay,sc,0.46,5.26,0.016716002,0.627053832,12.55142064,37.5387812,4.711650332,3.548459625,0.445382094,fraxinus,3.41186608,0.352040363,0.709395956,0.003964998,10.65088757,fraction.sc,26.08258769,2.77802709,3.272005926,0.348497672,5A,10.111,7.085,0.333820426,0.522029383,63.94667369
131V1,2,Sand + Agg,sa,0.1,1.74,0,0.36,4.16,33.53307692,1.394976,2.403846154,0.1,fraxinus,2.69269894,0.169630425,0.834807761,0.002900085,6.111111111,fraction.sa,31.23666342,1.908907209,2.73121474,0.166907567,5B,11.451,3.238,0.045169323,0.252129329,17.91514025
131V1,2,POM,pom,1.58,28.1,0.01,0.93,46.15,59.80323944,27.599195,3.411950163,1.574615,fraxinus,2.69269894,0.169630425,0.834807761,0.002900085,6.111111111,fraction.pom,31.23666342,1.908907209,2.73121474,0.166907567,5B,11.451,0.1,0.027599195,0.252129329,10.94644369
131V1,2,Silt + Clay,sc,0.22,2.95,0.015985819,0.896223317,7.596671561,27.93144087,2.121859825,2.701559091,0.205228571,fraxinus,2.69269894,0.169630425,0.834807761,0.002900085,6.111111111,fraction.sc,31.23666342,1.908907209,2.73121474,0.166907567,5B,11.451,8.453,0.179360811,0.252129329,71.13841606
132Q,1,POM,pom,1,19.88,0.018825374,0.164982614,39.92631375,49.543489,19.78088886,2.476288971,0.988690904,fagus,7.001218686,0.426696909,0.525642629,0.00305857,14.11393653,fraction.pom,46.40636516,6.549764924,3.004619035,0.424070024,2A,10.149,1.17,0.2314364,0.648923881,35.66464516
132Q,1,Sand + Agg,sa,0.2,3.73,0.003961849,0.270889554,7.643250556,45.52794898,3.479815213,2.568814977,0.196340965,fagus,7.001218686,0.426696909,0.525642629,0.00305857,14.11393653,fraction.sa,46.40636516,6.549764924,3.004619035,0.424070024,2A,10.149,2.679,0.09322425,0.648923881,14.36597608
132Q,1,Silt + Clay,sc,0.37,5.17,0.014411509,0.373497764,11.96597004,40.45802263,4.841194867,2.98607607,0.357312968,fagus,7.001218686,0.426696909,0.525642629,0.00305857,14.11393653,fraction.sc,46.40636516,6.549764924,3.004619035,0.424070024,2A,10.149,6.698,0.324263232,0.648923881,49.96937876
132Q,2,POM,pom,0.66,12.56,0.02535159,0.365749669,32.98969072,37.32957099,12.31491002,1.949129583,0.643011821,fagus,2.711704757,0.179901452,0.782004253,0.002911905,6.313262087,fraction.pom,31.34782708,1.979070482,2.806368257,0.177173383,2B,10.193,0.231,0.028447442,0.193573147,14.69596509
132Q,2,Sand + Agg,sa,0.08,1.57,0.003365679,0.580913346,2.795003146,35.96858922,1.0053232,2.745198765,0.076728392,fagus,2.711704757,0.179901452,0.782004253,0.002911905,6.313262087,fraction.sa,31.34782708,1.979070482,2.806368257,0.177173383,2B,10.193,2.472,0.02485159,0.193573147,12.83834554
132Q,2,Silt + Clay,sc,0.18,2.64,0.18,0.848256653,5.449985531,33.72436865,1.837973212,0.18,0.009809974,fagus,2.711704757,0.179901452,0.782004253,0.002911905,6.313262087,fraction.sc,31.34782708,1.979070482,2.806368257,0.177173383,2B,10.193,7.632,0.140274116,0.193573147,72.46568937
133U1,1,Sand + Agg,sa,0.34,4.81,0,0.2,9.87,46.90719352,4.62974,3.444782168,0.34,picea_ab,8.000073063,0.600113071,0.466656198,0.003241034,18.8976378,fraction.sa,40.3309871,7.621603863,3.161688896,0.597484516,11A,10.295,3.141,0.145420133,0.786476652,18.49007635
133U1,1,POM,pom,1.61,27.48,0,0.01,54.55,50.36747021,27.475455,2.951420715,1.61,picea_ab,8.000073063,0.600113071,0.466656198,0.003241034,18.8976378,fraction.pom,40.3309871,7.621603863,3.161688896,0.597484516,11A,10.295,0.631,0.173370121,0.786476652,22.04389929
133U1,1,Silt + Clay,sc,0.59,7.36,0.021844489,0.466753655,17.33294141,40.2363818,6.974148483,3.299738861,0.571941803,picea_ab,8.000073063,0.600113071,0.466656198,0.003241034,18.8976378,fraction.sc,40.3309871,7.621603863,3.161688896,0.597484516,11A,10.295,6.706,0.467686397,0.786476652,59.46602435
133U1,2,Sand + Agg,sa,0.09,1.48,0,0.26,3.52,34.91909091,1.229152,2.556818182,0.09,picea_ab,3.834706066,0.255386332,0.753073476,0.003522448,7.547169811,fraction.sa,41.5847053,3.138468324,3.340718911,0.252129729,11B,10.335,2.361,0.029020279,0.422001126,6.87682495
133U1,2,POM,pom,1.16,19.58,0,0.02,37.93,51.58867915,19.567586,3.058265225,1.16,picea_ab,3.834706066,0.255386332,0.753073476,0.003522448,7.547169811,fraction.pom,41.5847053,3.138468324,3.340718911,0.252129729,11B,10.335,0.91,0.178065033,0.422001126,42.19539277
133U1,2,Silt + Clay,sc,0.25,3.44,0.015456992,0.75138799,8.832420178,31.19165188,2.754977754,2.670935369,0.235908234,picea_ab,3.834706066,0.255386332,0.753073476,0.003522448,7.547169811,fraction.sc,41.5847053,3.138468324,3.340718911,0.252129729,11B,10.335,7.801,0.214915815,0.422001126,50.92778228
133U2,1,Silt + Clay,sc,0.6,6.42,0,0.56,13.55,43.80723247,5.93588,4.42804428,0.6,populus,6.844836524,0.604947544,0.629579755,0.002771146,14.39393939,fraction.sc,43.80925837,6.305878097,4.186312439,0.602575275,17A,10.488,6.888,0.408863414,0.642993216,63.58751608
133U2,1,Sand + Agg,sa,0.35,4.51,0,0.75,3.82,99.17931937,3.78865,9.162303665,0.35,populus,6.844836524,0.604947544,0.629579755,0.002771146,14.39393939,fraction.sa,43.80925837,6.305878097,4.186312439,0.602575275,17A,10.488,3.053,0.115667485,0.642993216,17.98891212
133U2,1,POM,pom,1.83,22.56,0,0.07,44.79,50.28210092,22.521353,4.085733423,1.83,populus,6.844836524,0.604947544,0.629579755,0.002771146,14.39393939,fraction.pom,43.80925837,6.305878097,4.186312439,0.602575275,17A,10.488,0.526,0.118462317,0.642993216,18.4235718
133U2,2,Silt + Clay,sc,0.29,3.83,0,0.78,8.07,38.57429988,3.112946,3.593556382,0.29,populus,4.017776331,0.296765427,1.255282115,0.004812059,8.387096774,fraction.sc,34.19271315,2.867775942,3.485794524,0.29235696,17B,10.614,7.648,0.23807811,0.350980014,67.83238385
133U2,2,Sand + Agg,sa,0.2,2.78,0,0.62,5.02,43.64788845,2.191124,3.984063745,0.2,populus,4.017776331,0.296765427,1.255282115,0.004812059,8.387096774,fraction.sa,34.19271315,2.867775942,3.485794524,0.29235696,17B,10.614,2.909,0.063739797,0.350980014,18.16052045
133U2,2,POM,pom,1.35,19.72,0,0.56,34.85,55.5384792,19.35516,3.87374462,1.35,populus,4.017776331,0.296765427,1.255282115,0.004812059,8.387096774,fraction.pom,34.19271315,2.867775942,3.485794524,0.29235696,17B,10.614,0.254,0.049162106,0.350980014,14.0070957
133V1,1,Silt + Clay,sc,0.480204765,5.577936209,0.003971956,0.296958198,13.57388316,39.20239114,5.32128677,3.512421258,0.476771958,acer,6.46472344,0.51316872,0.609637408,0.003396358,14.28571429,fraction.sc,41.59523962,5.94217709,3.571802891,0.510257556,21A,10.459,7.82,0.416124625,0.600179997,69.33330455
133V1,1,Sand + Agg,sa,0.204208906,3.350841537,0.003264229,0.32391729,7.536231884,40.48887364,3.051335405,2.66964552,0.201190677,acer,6.46472344,0.51316872,0.609637408,0.003396358,14.28571429,fraction.sa,41.59523962,5.94217709,3.571802891,0.510257556,21A,10.459,2.196,0.067007325,0.600179997,11.16453827
133V1,1,POM,pom,1.65391055,26.78992426,0.004210252,0.140654873,52.63157895,50.77426671,26.72329827,3.138640818,1.65191622,acer,6.46472344,0.51316872,0.609637408,0.003396358,14.28571429,fraction.pom,41.59523962,5.94217709,3.571802891,0.510257556,21A,10.459,0.438,0.117048046,0.600179997,19.50215718
133V1,2,Silt + Clay,sc,0.271386408,3.470413064,0.003999355,0.219654016,10.19172553,32.11571557,3.273145582,2.62756935,0.267794656,acer,3.969000843,0.274692042,0.798257432,0.004049163,9.375,fraction.sc,34.61952048,3.245580045,2.890906539,0.271022488,21B,10.067,8.038,0.263095442,0.362743232,72.52938675
133V1,2,Sand + Agg,sa,0.129724877,2.229037656,0.003923922,0.139387368,5.973223481,35.12301547,2.097976207,2.110005427,0.12603534,acer,3.969000843,0.274692042,0.798257432,0.004049163,9.375,fraction.sa,34.61952048,3.245580045,2.890906539,0.271022488,21B,10.067,1.895,0.039756649,0.362743232,10.95999748
133V1,2,POM,pom,1.565692882,30.48953574,0.004296833,0.228646972,61.53846154,49.40259122,30.4015946,2.541565413,1.564040254,acer,3.969000843,0.274692042,0.798257432,0.004049163,9.375,fraction.pom,34.61952048,3.245580045,2.890906539,0.271022488,21B,10.067,0.197,0.059891141,0.362743232,16.51061578
134T,1,Sand + Agg,sa,0.21,3.26,0,0.14,7.03,44.52122333,3.129842,2.987197724,0.21,quercus,6.779366049,0.492204586,0.41053694,0.003511599,14.034906,fraction.sa,45.78903188,6.426447583,3.485494214,0.489185837,13A,10.28,2.55,0.079810971,0.629845962,12.67150634
134T,1,Silt + Clay,sc,0.45,5.74,0.02,0.37,12.14,44.6039374,5.414918,3.562009885,0.432428,quercus,6.779366049,0.492204586,0.41053694,0.003511599,14.034906,fraction.sc,45.78903188,6.426447583,3.485494214,0.489185837,13A,10.28,6.901,0.373683491,0.629845962,59.32934616
134T,1,POM,pom,1.18,20.87,0,0,41.52,50.26493256,20.87,2.842003854,1.18,quercus,6.779366049,0.492204586,0.41053694,0.003511599,14.034906,fraction.pom,45.78903188,6.426447583,3.485494214,0.489185837,13A,10.28,0.845,0.1763515,0.629845962,27.9991475
134T,2,Sand + Agg,sa,0.12,1.91,0,0.28,4,41.03,1.6412,3,0.12,quercus,3.492514886,0.237312523,0.755718606,0.003469398,7.206392281,fraction.sa,38.73306113,2.791256327,3.248409666,0.234093143,13B,10.921,2.845,0.04669214,0.309691809,15.07696965
134T,2,Silt + Clay,sc,0.25,3.51,0.02,0.81,7.16,38.51949721,2.757996,3.232290503,0.231432,quercus,3.492514886,0.237312523,0.755718606,0.003469398,7.206392281,fraction.sc,38.73306113,2.791256327,3.248409666,0.234093143,13B,10.921,7.781,0.214599669,0.309691809,69.29458988
134T,2,POM,pom,1.04,17.6,0,0,34.31,51.29699796,17.6,3.031186243,1.04,quercus,3.492514886,0.237312523,0.755718606,0.003469398,7.206392281,fraction.pom,38.73306113,2.791256327,3.248409666,0.234093143,13B,10.921,0.275,0.0484,0.309691809,15.62844048
134X,1,Silt + Clay,sc,0.36,4.78,0,0.41,10.84,40.72365314,4.414444,3.32103321,0.36,fagus,5.605310593,0.365286278,0.511223006,0.004352642,12.08053691,fraction.sc,42.67894804,5.155846071,2.992081074,0.361459459,16A,10.28,7.198,0.317751679,0.51582039,61.60122503
134X,1,Sand + Agg,sa,0.19,3.21,0,0.35,6.35,45.38937008,2.882225,2.992125984,0.19,fagus,5.605310593,0.365286278,0.511223006,0.004352642,12.08053691,fraction.sa,42.67894804,5.155846071,2.992081074,0.361459459,16A,10.28,2.689,0.07750303,0.51582039,15.0251971
134X,1,POM,pom,1.4,25.4,0,0.24,48.26,52.37427269,25.275824,2.90095317,1.4,fagus,5.605310593,0.365286278,0.511223006,0.004352642,12.08053691,fraction.pom,42.67894804,5.155846071,2.992081074,0.361459459,16A,10.28,0.477,0.12056568,0.51582039,23.37357787
134X,2,Silt + Clay,sc,0.21,3.09,0,0.76,7.07,33.71615276,2.383732,2.97029703,0.21,fagus,3.448675852,0.223361169,0.980917672,0.019223749,6.944444444,fraction.sc,36.51663547,2.535877463,2.958802597,0.205472403,16B,10.921,7.906,0.188457852,0.273037128,69.02279313
134X,2,Sand + Agg,sa,0.12,2.19,0,0.57,3.92,41.89653061,1.642344,3.06122449,0.12,fagus,3.448675852,0.223361169,0.980917672,0.019223749,6.944444444,fraction.sa,36.51663547,2.535877463,2.958802597,0.205472403,16B,10.921,2.724,0.044737451,0.273037128,16.38511616
134X,2,POM,pom,1.32,23.05,0,1.37,42.19,52.7565845,22.258003,3.128703484,1.32,fagus,3.448675852,0.223361169,0.980917672,0.019223749,6.944444444,fraction.pom,36.51663547,2.535877463,2.958802597,0.205472403,16B,10.921,0.179,0.039841825,0.273037128,14.59209071
135J,1,POM,pom,1.44,23.66,0.004667295,0.140071009,48.62876254,48.5063624,23.58804379,2.956279942,1.437602353,acer,5.340132483,0.422216944,0.531965505,0.002840915,11.30517323,fraction.pom,43.06264487,4.8683066,3.712434925,0.419697199,7A,10.088,0.308,0.072651175,0.510975127,14.21814313
135J,1,Sand + Agg,sa,0.35,5.09,0.004078402,0.597343679,9.959739264,45.70551571,4.552150194,3.477277738,0.346327796,acer,5.340132483,0.422216944,0.531965505,0.002840915,11.30517323,fraction.sa,43.06264487,4.8683066,3.712434925,0.419697199,7A,10.088,2.457,0.11184633,0.510975127,21.88880132
135J,1,Silt + Clay,sc,0.4,4.8,0.013898217,0.419023116,10.79610073,40.99827477,4.426215042,3.590205929,0.387602249,acer,5.340132483,0.422216944,0.531965505,0.002840915,11.30517323,fraction.sc,43.06264487,4.8683066,3.712434925,0.419697199,7A,10.088,7.376,0.326477621,0.510975127,63.89305555
135J,2,POM,pom,0.28,4.25,0.003505927,0,14.16067521,30.01269316,4.25,1.95605458,0.276990536,acer,3.278863854,0.220884505,0.78071832,0.002746624,6.86017138,fraction.pom,37.19592423,2.551704149,3.182519678,0.218326304,7B,10.356,0.787,0.0334475,0.27434566,12.19173653
135J,2,Sand + Agg,sa,0.13,2.19,0.003316677,0.544762603,5.130080451,32.61516409,1.673184157,2.472738438,0.126853471,acer,3.278863854,0.220884505,0.78071832,0.002746624,6.86017138,fraction.sa,37.19592423,2.551704149,3.182519678,0.218326304,7B,10.356,2.009,0.03361427,0.27434566,12.2525247
135J,2,Silt + Clay,sc,0.22,3.16,0.014561276,0.687063563,6.42911731,39.15169747,2.517108559,3.21000342,0.206374886,acer,3.278863854,0.220884505,0.78071832,0.002746624,6.86017138,fraction.sc,37.19592423,2.551704149,3.182519678,0.218326304,7B,10.356,8.235,0.20728389,0.27434566,75.55573877
156H,1,POM,pom,0.36,6.49,0.003301134,0.074539425,17.72127516,36.27656505,6.428669912,2.016129572,0.357283869,picea_ab,8.193354035,0.549642333,0.555869359,0.003808016,16.22407187,fraction.pom,47.63088688,7.72766932,3.368156506,0.546452132,6A,10.367,0.653,0.041979215,0.621593501,6.753483494
156H,1,Sand + Agg,sa,0.26,4.23,0.012265395,0.470887207,6.912541788,54.85193702,3.791663068,3.596107816,0.248582456,picea_ab,8.193354035,0.549642333,0.555869359,0.003808016,16.22407187,fraction.sa,47.63088688,7.72766932,3.368156506,0.546452132,6A,10.367,2.461,0.093312828,0.621593501,15.01187317
156H,1,Silt + Clay,sc,0.53,7.27,0.01813325,0.516038375,15.68,43.58977323,6.834876442,3.282589564,0.514710044,picea_ab,8.193354035,0.549642333,0.555869359,0.003808016,16.22407187,fraction.sc,47.63088688,7.72766932,3.368156506,0.546452132,6A,10.367,7.115,0.486301459,0.621593501,78.23464333
156H,2,POM,pom,0.72,15.45,0.028584923,0.279954239,28.17887931,54.11476291,15.24893373,2.482249135,0.699469988,picea_ab,3.597768917,0.226226263,0.821941252,0.003156156,7.181896634,fraction.pom,39.472284,2.834858636,3.109161691,0.223296779,6B,10.074,0.346,0.052761311,0.308192339,17.11960485
156H,2,Sand + Agg,sa,0.09,1.72,0.005370347,0.604059182,3.177172923,35.72776334,1.135132823,2.669048247,0.084800278,picea_ab,3.597768917,0.226226263,0.821941252,0.003156156,7.181896634,fraction.sa,39.472284,2.834858636,3.109161691,0.223296779,6B,10.074,1.8,0.020432391,0.308192339,6.62975298
156H,2,Silt + Clay,sc,0.24,3.59,0.013369922,0.763503479,8.244810447,35.04563209,2.889445936,2.762130242,0.227732403,picea_ab,3.597768917,0.226226263,0.821941252,0.003156156,7.181896634,fraction.sc,39.472284,2.834858636,3.109161691,0.223296779,6B,10.074,8.133,0.234998638,0.308192339,76.25064217
157G,1,Sand + Agg,sa,0.33,4.57,0,0.48,9.59,43.12859228,4.136032,3.441084463,0.33,populus,6.883133333,0.6181018,0.651026636,0.003264769,16,fraction.sa,39.60169349,6.336270959,3.845996213,0.615359394,12A,10.424,2.227,0.092109433,0.805257397,11.4385081
157G,1,POM,pom,1.48,19.27,0,0,39.15,49.22094508,19.27,3.780332056,1.48,populus,6.883133333,0.6181018,0.651026636,0.003264769,16,fraction.pom,39.60169349,6.336270959,3.845996213,0.615359394,12A,10.424,1.332,0.2566764,0.805257397,31.87507508
157G,1,Silt + Clay,sc,0.61,6.63,0.016859308,0.457162557,15.11102378,41.30705819,6.241919386,3.942077749,0.595688306,populus,6.883133333,0.6181018,0.651026636,0.003264769,16,fraction.sc,39.60169349,6.336270959,3.845996213,0.615359394,12A,10.424,7.313,0.456471565,0.805257397,56.68641681
157G,2,Sand + Agg,sa,0.1,2.08,0,0.52,4.61,34.35947939,1.583972,2.169197397,0.1,populus,4.144297843,0.322683249,0.749712397,0.00411406,8.092485549,fraction.sa,42.69708969,3.455255813,3.940719038,0.318902119,12B,10.156,1.688,0.026737447,0.491641333,5.438405109
157G,2,POM,pom,1.55,20.47,0,0,40.69,50.30720079,20.47,3.809289752,1.55,populus,4.144297843,0.322683249,0.749712397,0.00411406,8.092485549,fraction.pom,42.69708969,3.455255813,3.940719038,0.318902119,12B,10.156,0.912,0.1866864,0.491641333,37.97207183
157G,2,Silt + Clay,sc,0.32,3.96,0.017262605,0.685316758,9.757115433,34.2473184,3.341550389,3.11999719,0.304421727,populus,4.144297843,0.322683249,0.749712397,0.00411406,8.092485549,fraction.sc,42.69708969,3.455255813,3.940719038,0.318902119,12B,10.156,8.326,0.278217485,0.491641333,56.58952307
157L,1,Silt + Clay,sc,0.547004996,6.582002285,0.004169039,0.076467447,16.85055165,38.68371885,6.518420025,3.225641951,0.543538463,quercus,8.24140279,0.619888548,0.462417205,0.003387298,17.6056338,fraction.sc,44.64705533,7.860397065,3.505114399,0.617097605,29A,10.415,7.485,0.487903739,0.798561818,61.09780452
157L,1,Sand + Agg,sa,0.511790737,7.423915107,0.003210187,0.180420264,15.90493601,45.72285337,7.272190571,3.200837324,0.509091128,quercus,8.24140279,0.619888548,0.462417205,0.003387298,17.6056338,fraction.sa,44.64705533,7.860397065,3.505114399,0.617097605,29A,10.415,2.143,0.155843044,0.798561818,19.51546397
157L,1,POM,pom,1.708682134,28.28016424,0.004589185,0.06525255,55.18134715,51.19650096,28.25091893,3.092757628,1.706625323,quercus,8.24140279,0.619888548,0.462417205,0.003387298,17.6056338,fraction.pom,44.64705533,7.860397065,3.505114399,0.617097605,29A,10.415,0.548,0.154815036,0.798561818,19.38673151
157L,2,Silt + Clay,sc,0.244200985,3.238776854,0.00396771,0.156749061,10.86323957,28.52791563,3.099055819,2.215400805,0.240664297,quercus,3.295878031,0.223810716,0.869352515,0.003712676,7.382550336,fraction.sc,33.73774359,2.490705903,2.985040672,0.22037213,29B,10.453,8.598,0.266456819,0.346352968,76.93215995
157L,2,Sand + Agg,sa,0.210729851,3.839803424,0.003918186,0.727944223,8.276533593,38.32652539,3.172107749,2.502689715,0.207135955,quercus,3.295878031,0.223810716,0.869352515,0.003712676,7.382550336,fraction.sa,33.73774359,2.490705903,2.985040672,0.22037213,29B,10.453,1.662,0.052720431,0.346352968,15.22159059
157L,2,POM,pom,1.463307042,25.74265775,0.004553317,0.251282636,58.13953488,44.09644783,25.63746967,2.513609724,1.461401002,quercus,3.295878031,0.223810716,0.869352515,0.003712676,7.382550336,fraction.pom,33.73774359,2.490705903,2.985040672,0.22037213,29B,10.453,0.106,0.027175718,0.346352968,7.846249452
158G,1,Silt + Clay,sc,0.461441814,5.965635963,0.004009576,0.125787543,15.56948798,37.63407572,5.859432896,2.942013951,0.458056508,quercus,7.400181969,0.513065664,0.62333637,0.003284808,15.43624161,fraction.sc,44.52551004,6.873065307,3.30577818,0.510287907,26A,10.462,7.836,0.459145162,0.664318878,69.11517603
158G,1,Sand + Agg,sa,0.323709648,5.177964765,0.00340268,0.392030211,10.76759062,44.83962042,4.828146762,2.978134719,0.320673355,quercus,7.400181969,0.513065664,0.62333637,0.003284808,15.43624161,fraction.sa,44.52551004,6.873065307,3.30577818,0.510287907,26A,10.462,2.172,0.104867348,0.664318878,15.78569437
158G,1,POM,pom,1.630361465,30.12262397,0.018224443,0.220788502,58.88501742,51.00082862,30.03184682,2.755995599,1.622868488,quercus,7.400181969,0.513065664,0.62333637,0.003284808,15.43624161,fraction.pom,44.52551004,6.873065307,3.30577818,0.510287907,26A,10.462,0.334,0.100306368,0.664318878,15.09912961
158G,2,Silt + Clay,sc,0.222083028,3.124494339,0.003252239,0.433334157,9.572301426,28.54736925,2.732640234,2.289335588,0.219142103,quercus,3.39274581,0.221818002,0.757871429,0.003583623,8.187134503,fraction.sc,32.94097994,2.696922334,2.669160681,0.218527775,26B,10.385,8.239,0.225142229,0.30146594,74.68247612
158G,2,Sand + Agg,sa,0.120496895,2.286683702,0.003105145,0.581501958,4.550625711,38.05287078,1.731643722,2.582788851,0.117533054,quercus,3.39274581,0.221818002,0.757871429,0.003583623,8.187134503,fraction.sa,32.94097994,2.696922334,2.669160681,0.218527775,26B,10.385,2.083,0.036070139,0.30146594,11.96491341
158G,2,POM,pom,1.080263169,20.29547938,0.004655421,0.117262517,42.39130435,47.7171587,20.22792597,2.541986519,1.077581242,quercus,3.39274581,0.221818002,0.757871429,0.003583623,8.187134503,fraction.pom,32.94097994,2.696922334,2.669160681,0.218527775,26B,10.385,0.199,0.040253573,0.30146594,13.35261046
158J1,1,Sand + Agg,sa,0.34,5.11,0,0.16,10.62,46.77016949,4.966992,3.201506591,0.34,picea_ab,8.3686974,0.57147338,0.507869812,0.004051991,18.26086957,fraction.sa,43.55525897,7.953569032,3.111359597,0.568161318,4A,10.174,3.007,0.149357449,0.834209118,17.9040778
158J1,1,POM,pom,1.14,21.55,0,0,43.35,49.71164937,21.55,2.629757785,1.14,picea_ab,8.3686974,0.57147338,0.507869812,0.004051991,18.26086957,fraction.pom,43.55525897,7.953569032,3.111359597,0.568161318,4A,10.174,1.289,0.2777795,0.834209118,33.29854519
158J1,1,Silt + Clay,sc,0.53,6.7,0.018462631,0.465443526,15.41568812,40.90837689,6.306307796,3.336753485,0.514383511,picea_ab,8.3686974,0.57147338,0.507869812,0.004051991,18.26086957,fraction.sc,43.55525897,7.953569032,3.111359597,0.568161318,4A,10.174,6.455,0.407072168,0.834209118,48.79737701
158J1,2,Sand + Agg,sa,0.09,1.64,0,0.35,3.99,32.68082707,1.303965,2.255639098,0.09,picea_ab,3.562900527,0.22510949,0.911460489,0.003429082,6.285714286,fraction.sa,43.09346109,2.70873184,3.530162845,0.22189595,4B,10.18,2.386,0.031112605,0.246814094,12.60568407
158J1,2,Silt + Clay,sc,0.27,3.61,0.01790944,0.895092004,8.681318681,32.16808285,2.792613785,2.92173741,0.253645336,picea_ab,3.562900527,0.22510949,0.911460489,0.003429082,6.285714286,fraction.sc,43.09346109,2.70873184,3.530162845,0.22189595,4B,10.18,7.724,0.215701489,0.246814094,87.39431593
158N,1,Silt + Clay,sc,0.573917673,6.153013551,0.004261235,0.043085461,15.76253838,38.80542147,6.116719452,3.618250456,0.570328117,fraxinus,6.977718677,0.613782946,0.412202801,0.003409394,15.26717557,fraction.sc,43.4163318,6.628447601,4.00135616,0.61089407,30A,10.521,9.009,0.551055255,0.704352048,78.23577097
158N,1,Sand + Agg,sa,0.293346935,3.964426009,0.003044679,0.113816447,8.998732573,42.90439313,3.8608516,3.229079608,0.290576239,fraxinus,6.977718677,0.613782946,0.412202801,0.003409394,15.26717557,fraction.sa,43.4163318,6.628447601,4.00135616,0.61089407,30A,10.521,1.555,0.060036242,0.704352048,8.523612944
158N,1,POM,pom,2.180981403,30.52854312,0.003824079,0.130068231,60.60606061,50.28755179,30.47730412,3.596133663,2.179474948,fraxinus,6.977718677,0.613782946,0.412202801,0.003409394,15.26717557,fraction.pom,43.4163318,6.628447601,4.00135616,0.61089407,30A,10.521,0.306,0.093260551,0.704352048,13.24061608
158N,2,Silt + Clay,sc,0.223905559,2.849019023,0.002904061,0.138177302,9.972299169,27.32189567,2.724621175,2.219057971,0.2212911,fraxinus,3.079063376,0.223129684,0.730900547,0.003199858,6.310679612,fraction.sc,37.94024999,2.394287621,3.488241716,0.220131759,30B,10.454,9.362,0.255079034,0.297634359,85.70214656
158N,2,Sand + Agg,sa,0.060803247,1.211745567,0.003870661,0.063219042,3.462050599,33.23796598,1.1507152,1.648346511,0.05706659,fraxinus,3.079063376,0.223129684,0.730900547,0.003199858,6.310679612,fraction.sa,37.94024999,2.394287621,3.488241716,0.220131759,30B,10.454,1.35,0.015534655,0.297634359,5.219375634
158N,2,POM,pom,1.775037678,28.16576016,0.009108558,0.057689216,66.66666667,42.21979563,28.14653042,2.658002238,1.772001492,fraxinus,3.079063376,0.223129684,0.730900547,0.003199858,6.310679612,fraction.pom,37.94024999,2.394287621,3.488241716,0.220131759,30B,10.454,0.096,0.027020669,0.297634359,9.078477805
159G,1,Sand + Agg,sa,0.4,5.35,0,0.5,11.36,43.19366197,4.9068,3.521126761,0.4,populus,6.886882558,0.605913562,0.626468461,0.002990976,14.97616683,fraction.sa,42.42898153,6.354235059,4.028871516,0.60337052,8A,10.492,2.273,0.111531564,0.616680345,18.08579841
159G,1,Silt + Clay,sc,0.5,5.62,0,0.43,12.4,42.28483871,5.24332,4.032258065,0.5,populus,6.886882558,0.605913562,0.626468461,0.002990976,14.97616683,fraction.sc,42.42898153,6.354235059,4.028871516,0.60337052,8A,10.492,7.386,0.387271615,0.616680345,62.79940953
159G,1,POM,pom,1.91,25.57,0,0.11,49.58,51.46135135,25.514538,3.852359823,1.91,populus,6.886882558,0.605913562,0.626468461,0.002990976,14.97616683,fraction.pom,42.42898153,6.354235059,4.028871516,0.60337052,8A,10.492,0.462,0.117877166,0.616680345,19.11479206
159G,2,Sand + Agg,sa,0.21,3.23,0.003915372,0.78222372,5.845490035,42.65683586,2.49350109,3.529447479,0.206313501,populus,4.085461246,0.318243998,0.698088975,0.003477052,8.203190092,fraction.sa,41.99144233,3.444637837,3.840605565,0.315052175,8B,10.02,2.346,0.058497536,0.309608452,18.89403705
159G,2,Silt + Clay,sc,0.31,3.82,0.015235648,0.560993138,8.191520046,40.34612268,3.304960727,3.613644128,0.296012383,populus,4.085461246,0.318243998,0.698088975,0.003477052,8.203190092,fraction.sc,41.99144233,3.444637837,3.840605565,0.315052175,8B,10.02,7.598,0.251110916,0.309608452,81.10596295
159L,1,Sand + Agg,sa,0.33,4.32,0,0.32,8.87,45.41582864,4.028384,3.720405862,0.33,fraxinus,6.461354086,0.558150377,0.485144641,0.003050639,13.38971451,fraction.sa,45.11798159,6.041168927,4.148768142,0.55550821,9A,11.045,3.438,0.138495842,0.659042246,21.01471381
159L,1,Silt + Clay,sc,0.54,6.21,0,0.36,13.56,43.50159292,5.898816,3.982300885,0.54,fraxinus,6.461354086,0.558150377,0.485144641,0.003050639,13.38971451,fraction.sc,45.11798159,6.041168927,4.148768142,0.55550821,9A,11.045,7.061,0.416515398,0.659042246,63.20010595
159L,1,POM,pom,1.82,26.6,0,0.27,52.22,50.69129452,26.470994,3.485254692,1.82,fraxinus,6.461354086,0.558150377,0.485144641,0.003050639,13.38971451,fraction.pom,45.11798159,6.041168927,4.148768142,0.55550821,9A,11.045,0.393,0.104031006,0.659042246,15.78518024
159L,2,Silt + Clay,sc,0.22,3.01,0.01574571,0.774895867,6.970268571,32.84115142,2.289116456,2.946110414,0.205351808,fraxinus,3.02432303,0.208177883,0.804736649,0.002891539,6.352632073,fraction.sc,35.74437042,2.270708339,3.234407888,0.205470033,9B,10.247,7.876,0.180290812,0.180290812,100
159N,1,Silt + Clay,sc,0.460781728,5.712352463,0.003283926,0.411847517,13.70808679,39.07884042,5.356961361,3.340713934,0.457947965,acer,5.70823253,0.41054125,0.633078636,0.003583632,10.56338028,fraction.sc,48.67786884,5.142028398,3.85611575,0.407336171,22A,10.271,7.443,0.398718634,0.622378189,64.0637222
159N,1,Sand + Agg,sa,0.189236388,3.287136174,0.003456246,0.540793351,6.910569106,40.28198949,2.783714721,2.691804183,0.186018988,acer,5.70823253,0.41054125,0.633078636,0.003583632,10.56338028,fraction.sa,48.67786884,5.142028398,3.85611575,0.407336171,22A,10.271,2.378,0.066196736,0.622378189,10.6360951
159N,1,POM,pom,1.472652099,27.16791893,0.004430164,0.041446706,53.77906977,50.48202208,27.14876188,2.734529329,1.470604436,acer,5.70823253,0.41054125,0.633078636,0.003583632,10.56338028,fraction.pom,48.67786884,5.142028398,3.85611575,0.407336171,22A,10.271,0.58,0.157462819,0.622378189,25.30018269
159N,2,Silt + Clay,sc,0.213589319,3.174379184,0.003953456,0.733836917,8.273381295,30.23256519,2.501255393,2.537813017,0.209962947,acer,3.014129037,0.188687191,0.951453127,0.016968389,6.951871658,fraction.sc,30.62225275,2.12881971,2.48707731,0.172898423,22B,10.196,7.91,0.197849302,0.253321091,78.10218287
159N,2,Sand + Agg,sa,0.07751187,1.721463705,0.00357772,0.526338853,3.392857143,35.75107133,1.212982777,2.182689509,0.074055537,acer,3.014129037,0.188687191,0.951453127,0.016968389,6.951871658,fraction.sa,30.62225275,2.12881971,2.48707731,0.172898423,22B,10.196,2.291,0.027789435,0.253321091,10.97004412
159N,2,POM,pom,1.698874426,29.51228636,0.005484916,0.159533628,60.52631579,48.65538597,29.44931256,2.803258889,1.696709328,acer,3.014129037,0.188687191,0.951453127,0.016968389,6.951871658,fraction.pom,30.62225275,2.12881971,2.48707731,0.172898423,22B,10.196,0.094,0.027682354,0.253321091,10.92777301
159P,1,Silt + Clay,sc,0.580704973,7.694960411,0.004467083,0.12709857,18.45238095,41.14002726,7.591314553,3.127304681,0.577062173,picea_ab,5.233023882,0.381645279,0.477616704,0.004192253,17.6056338,fraction.sc,27.48832948,4.839494626,2.148125441,0.378191099,27A,10.298,6.714,0.509680859,0.93101344,54.74473701
159P,1,Sand + Agg,sa,0.278244842,4.772180652,0.002768583,0.347574368,9.819639279,45.40631999,4.458736833,2.808128853,0.275748124,picea_ab,5.233023882,0.381645279,0.477616704,0.004192253,17.6056338,fraction.sa,27.48832948,4.839494626,2.148125441,0.378191099,27A,10.298,2.342,0.104423617,0.93101344,11.21612344
159P,1,POM,pom,1.334926968,26.46973378,0.003304776,0.033852497,51.06761566,51.80028205,26.45316895,2.610871577,1.333309862,picea_ab,5.233023882,0.381645279,0.477616704,0.004192253,17.6056338,fraction.pom,27.48832948,4.839494626,2.148125441,0.378191099,27A,10.298,1.198,0.316908964,0.93101344,34.03913955
159P,2,Silt + Clay,sc,0.267504385,3.725119684,0.003392874,0.437434478,10.88580576,30.63901329,3.335303474,2.429593716,0.264480853,picea_ab,3.565622559,0.233816874,0.782681932,0.003192392,7.586206897,fraction.sc,37.46689929,2.842316498,3.043242382,0.230866663,27B,10.377,7.711,0.257185251,0.360097374,71.42102934
159P,2,Sand + Agg,sa,0.130306895,2.506467447,0.00330174,0.410546732,5.539637058,38.2455293,2.118663514,2.295963762,0.127188059,picea_ab,3.565622559,0.233816874,0.782681932,0.003192392,7.586206897,fraction.sa,37.46689929,2.842316498,3.043242382,0.230866663,27B,10.377,2.413,0.051123351,0.360097374,14.19709066
159P,2,POM,pom,1.122362231,20.32392554,0.003119676,0.024786883,41.08527132,49.43212437,20.30932242,2.727313819,1.120524282,picea_ab,3.565622559,0.233816874,0.782681932,0.003192392,7.586206897,fraction.pom,37.46689929,2.842316498,3.043242382,0.230866663,27B,10.377,0.255,0.051788772,0.360097374,14.38188
160L1,1,Silt + Clay,sc,0.38,5.2,0,0.51,11.35,41.8315859,4.747885,3.348017621,0.38,fagus,3.947827154,0.298070073,0.51065314,0.004234238,12.29508197,fraction.sc,28.46633511,3.499959236,2.394099029,0.294356438,19A,10.866,7.296,0.34640569,0.561454185,61.69794413
160L1,1,Sand + Agg,sa,0.09,1.82,0,0.46,3.09,44.47294498,1.374214,2.912621359,0.09,fagus,3.947827154,0.298070073,0.51065314,0.004234238,12.29508197,fraction.sa,28.46633511,3.499959236,2.394099029,0.294356438,19A,10.866,2.678,0.036801451,0.561454185,6.554666771
160L1,1,POM,pom,1.42,27.61,0.02,0.22,53.3,51.60836773,27.50726,2.646641651,1.41066,fagus,3.947827154,0.298070073,0.51065314,0.004234238,12.29508197,fraction.pom,28.46633511,3.499959236,2.394099029,0.294356438,19A,10.866,0.648,0.178247045,0.561454185,31.74738909
160L1,2,Silt + Clay,sc,0.24,3.51,0,0.75,9.81,28.88455657,2.833575,2.44648318,0.24,fagus,2.151362884,0.202278603,0.73178747,0.003361966,6.896551724,fraction.sc,21.31563097,1.470043515,2.887653203,0.199148497,19B,10.765,7.553,0.21401992,0.292031361,73.28662192
160L1,2,Sand + Agg,sa,0.08,1.74,0,0.75,2.21,45.54638009,1.006575,3.619909502,0.08,fagus,2.151362884,0.202278603,0.73178747,0.003361966,6.896551724,fraction.sa,21.31563097,1.470043515,2.887653203,0.199148497,19B,10.765,2.883,0.029019557,0.292031361,9.937137267
160L1,2,POM,pom,1.48,26.36,0,0.59,49.07,53.10681272,26.059513,3.01609945,1.48,fagus,2.151362884,0.202278603,0.73178747,0.003361966,6.896551724,fraction.pom,21.31563097,1.470043515,2.887653203,0.199148497,19B,10.765,0.188,0.048991884,0.292031361,16.77624081
